Date, Index 
29-Dec-17,3711.94
28-Dec-17,3711.64
27-Dec-17,3714.15
22-Dec-17,3719.38
21-Dec-17,3695.41
20-Dec-17,3696.15
19-Dec-17,3696.13
18-Dec-17,3690.50
15-Dec-17,3707.76
14-Dec-17,3706.37
13-Dec-17,3710.83
11-Dec-17,3731.79
08-Dec-17,3750.53
07-Dec-17,3752.17
06-Dec-17,3751.10
05-Dec-17,3769.34
04-Dec-17,3803.78
01-Dec-17,3815.61
30-Nov-17,3804.69
29-Nov-17,3820.74
27-Nov-17,3820.74
24-Nov-17,3833.00
23-Nov-17,3826.76
22-Nov-17,3839.46
21-Nov-17,3817.77
20-Nov-17,3779.16
17-Nov-17,3730.15
16-Nov-17,3743.10
15-Nov-17,3728.16
14-Nov-17,3719.17
13-Nov-17,3746.69
10-Nov-17,3752.15
09-Nov-17,3762.11
08-Nov-17,3768.38
07-Nov-17,3788.84
06-Nov-17,3797.96
03-Nov-17,3800.43
02-Nov-17,3776.83
01-Nov-17,3759.67
31-Oct-17,3729.62
30-Oct-17,3674.84
27-Oct-17,3648.31
24-Oct-17,3602.56
23-Oct-17,3541.56
19-Oct-17,3543.99
18-Oct-17,3591.62
17-Oct-17,3597.85
16-Oct-17,3623.76
13-Oct-17,3626.62
12-Oct-17,3640.14
11-Oct-17,3644.80
10-Oct-17,3696.77
09-Oct-17,3712.37
06-Oct-17,3693.22
05-Oct-17,3702.51
04-Oct-17,3691.87
03-Oct-17,3732.19
02-Oct-17,3732.16
29-Sep-17,3751.46
28-Sep-17,3716.72
27-Sep-17,3729.84
26-Sep-17,3733.04
25-Sep-17,3750.35
22-Sep-17,3764.44
21-Sep-17,3777.09
20-Sep-17,3783.69
19-Sep-17,3784.91
18-Sep-17,3780.61
15-Sep-17,3783.98
14-Sep-17,3813.78
13-Sep-17,3805.24
12-Sep-17,3849.45
11-Sep-17,3815.71
08-Sep-17,3839.99
07-Sep-17,3805.22
06-Sep-17,3786.92
05-Sep-17,3770.03
04-Sep-17,3806.80
01-Sep-17,3887.28
31-Aug-17,4027.12
30-Aug-17,4038.86
29-Aug-17,4042.08
28-Aug-17,4089.00
25-Aug-17,4069.20
24-Aug-17,4052.54
23-Aug-17,4028.56
22-Aug-17,4013.71
21-Aug-17,4007.55
18-Aug-17,3992.76
17-Aug-17,4045.89
16-Aug-17,4069.34
15-Aug-17,4114.01
14-Aug-17,4076.94
11-Aug-17,3976.98
10-Aug-17,3903.29
09-Aug-17,3850.13
07-Aug-17,3818.27
04-Aug-17,3775.89
03-Aug-17,3773.52
02-Aug-17,3741.46
01-Aug-17,3742.50
31-Jul-17,3797.53
28-Jul-17,3798.63
27-Jul-17,3764.74
26-Jul-17,3768.38
25-Jul-17,3729.81
24-Jul-17,3712.13
21-Jul-17,3700.44
20-Jul-17,3683.24
19-Jul-17,3674.96
18-Jul-17,3679.43
17-Jul-17,3658.65
14-Jul-17,3642.90
13-Jul-17,3659.28
12-Jul-17,3632.82
11-Jul-17,3600.60
10-Jul-17,3594.41
07-Jul-17,3604.06
06-Jul-17,3580.52
05-Jul-17,3568.80
04-Jul-17,3560.51
03-Jul-17,3583.41
30-Jun-17,3607.18
29-Jun-17,3596.56
28-Jun-17,3609.21
27-Jun-17,3616.31
23-Jun-17,3623.83
22-Jun-17,3612.55
21-Jun-17,3608.15
20-Jun-17,3600.01
19-Jun-17,3582.76
16-Jun-17,3541.35
15-Jun-17,3522.79
14-Jun-17,3506.90
13-Jun-17,3487.45
12-Jun-17,3469.08
09-Jun-17,3468.68
08-Jun-17,3474.78
07-Jun-17,3472.96
06-Jun-17,3457.29
05-Jun-17,3480.78
02-Jun-17,3473.19
31-May-17,3441.05
30-May-17,3438.17
29-May-17,3438.20
26-May-17,3442.38
25-May-17,3410.89
24-May-17,3376.58
23-May-17,3317.16
22-May-17,3296.16
19-May-17,3285.49
18-May-17,3244.69
17-May-17,3226.43
16-May-17,3221.19
15-May-17,3229.30
12-May-17,3244.72
11-May-17,3195.70
10-May-17,3175.41
09-May-17,3141.69
08-May-17,3154.38
05-May-17,3147.04
04-May-17,3144.38
03-May-17,3134.15
02-May-17,3139.03
28-Apr-17,3157.38
27-Apr-17,3164.36
26-Apr-17,3162.37
25-Apr-17,3137.41
24-Apr-17,3143.15
21-Apr-17,3128.69
20-Apr-17,3149.33
19-Apr-17,3129.78
18-Apr-17,3101.89
13-Apr-17,3102.71
12-Apr-17,3109.78
11-Apr-17,3104.43
10-Apr-17,3092.61
07-Apr-17,3104.89
06-Apr-17,3101.19
05-Apr-17,3101.12
04-Apr-17,3096.83
03-Apr-17,3106.21
31-Mar-17,3112.52
30-Mar-17,3122.51
29-Mar-17,3128.44
28-Mar-17,3109.01
27-Mar-17,3098.16
24-Mar-17,3077.81
23-Mar-17,3082.85
22-Mar-17,3037.16
21-Mar-17,3007.90
20-Mar-17,2990.70
17-Mar-17,2983.68
16-Mar-17,2965.31
15-Mar-17,2970.98
14-Mar-17,2974.01
13-Mar-17,2970.53
10-Mar-17,2963.08
09-Mar-17,2951.15
08-Mar-17,2947.93
07-Mar-17,2963.56
06-Mar-17,2963.01
03-Mar-17,2961.78
02-Mar-17,2969.12
01-Mar-17,2966.16
28-Feb-17,2994.53
27-Feb-17,3033.33
24-Feb-17,3023.07
23-Feb-17,3009.19
22-Feb-17,2983.20
21-Feb-17,2964.48
20-Feb-17,2945.33
17-Feb-17,2948.75
16-Feb-17,2971.50
15-Feb-17,2952.33
14-Feb-17,2941.46
13-Feb-17,2933.69
10-Feb-17,2951.62
09-Feb-17,2933.09
08-Feb-17,2908.87
07-Feb-17,2882.74
06-Feb-17,2867.39
03-Feb-17,2862.39
02-Feb-17,2833.09
01-Feb-17,2801.85
31-Jan-17,2794.27
30-Jan-17,2789.64
27-Jan-17,2812.04
26-Jan-17,2824.32
25-Jan-17,2855.81
24-Jan-17,2873.02
23-Jan-17,2905.31
20-Jan-17,2913.84
19-Jan-17,2924.90
18-Jan-17,2932.79
17-Jan-17,2929.68
16-Jan-17,2955.44
13-Jan-17,2971.10
12-Jan-17,3014.36
11-Jan-17,3047.68
10-Jan-17,3083.68
09-Jan-17,3117.40
06-Jan-17,3139.21
05-Jan-17,3170.71
04-Jan-17,3194.13
03-Jan-17,3206.24
30-Dec-16,3186.21
29-Dec-16,3156.59
28-Dec-16,3130.93
23-Dec-16,3113.61
22-Dec-16,3106.91
21-Dec-16,3074.43
20-Dec-16,3084.16
19-Dec-16,3084.48
16-Dec-16,3104.95
15-Dec-16,3129.78
14-Dec-16,3148.48
13-Dec-16,3155.57
09-Dec-16,3158.89
08-Dec-16,3180.56
07-Dec-16,3181.48
06-Dec-16,3195.42
05-Dec-16,3230.00
02-Dec-16,3248.02
01-Dec-16,3250.62
30-Nov-16,3247.19
29-Nov-16,3256.57
28-Nov-16,3249.63
25-Nov-16,3265.89
24-Nov-16,3273.61
23-Nov-16,3263.44
22-Nov-16,3267.53
21-Nov-16,3283.94
18-Nov-16,3291.25
17-Nov-16,3283.77
16-Nov-16,3272.47
15-Nov-16,3261.71
14-Nov-16,3268.41
11-Nov-16,3264.26
10-Nov-16,3246.72
09-Nov-16,3238.47
08-Nov-16,3242.46
07-Nov-16,3248.54
04-Nov-16,3251.46
03-Nov-16,3262.31
02-Nov-16,3237.08
01-Nov-16,3227.24
31-Oct-16,3229.22
28-Oct-16,3204.67
27-Oct-16,3201.55
26-Oct-16,3204.69
25-Oct-16,3203.99
24-Oct-16,3214.50
21-Oct-16,3203.38
19-Oct-16,3239.00
18-Oct-16,3249.67
17-Oct-16,3243.68
14-Oct-16,3267.92
13-Oct-16,3242.32
12-Oct-16,3247.11
11-Oct-16,3241.92
10-Oct-16,3258.93
07-Oct-16,3261.34
06-Oct-16,3264.03
05-Oct-16,3284.84
04-Oct-16,3282.64
03-Oct-16,3295.10
30-Sep-16,3243.21
29-Sep-16,3217.75
28-Sep-16,3177.70
27-Sep-16,3206.71
26-Sep-16,3187.33
23-Sep-16,3174.15
22-Sep-16,3169.64
21-Sep-16,3170.22
20-Sep-16,3192.31
19-Sep-16,3218.88
16-Sep-16,3206.12
15-Sep-16,3239.80
14-Sep-16,3221.87
13-Sep-16,3223.80
09-Sep-16,3208.25
08-Sep-16,3180.29
07-Sep-16,3168.62
06-Sep-16,3169.31
05-Sep-16,3171.28
02-Sep-16,3187.87
01-Sep-16,3179.23
31-Aug-16,3178.83
30-Aug-16,3116.82
29-Aug-16,3123.54
26-Aug-16,3216.62
25-Aug-16,3309.76
24-Aug-16,3462.68
23-Aug-16,3442.87
22-Aug-16,3456.21
19-Aug-16,3462.56
18-Aug-16,3484.08
17-Aug-16,3508.51
16-Aug-16,3485.36
15-Aug-16,3445.60
12-Aug-16,3449.44
11-Aug-16,3450.10
10-Aug-16,3463.22
09-Aug-16,3459.10
08-Aug-16,3463.59
05-Aug-16,3482.18
04-Aug-16,3464.48
03-Aug-16,3479.73
02-Aug-16,3478.97
01-Aug-16,3460.60
29-Jul-16,3488.67
28-Jul-16,3468.29
27-Jul-16,3475.38
26-Jul-16,3494.03
25-Jul-16,3508.49
22-Jul-16,3524.59
21-Jul-16,3515.10
20-Jul-16,3520.77
19-Jul-16,3522.98
18-Jul-16,3555.18
15-Jul-16,3596.98
14-Jul-16,3609.81
13-Jul-16,3616.10
12-Jul-16,3619.67
11-Jul-16,3661.58
08-Jul-16,3688.46
06-Jul-16,3664.78
05-Jul-16,3668.45
04-Jul-16,3633.98
01-Jul-16,3652.79
30-Jun-16,3640.61
29-Jun-16,3629.05
28-Jun-16,3636.64
27-Jun-16,3662.15
24-Jun-16,3706.44
23-Jun-16,3744.58
22-Jun-16,3750.98
21-Jun-16,3775.09
20-Jun-16,3767.20
17-Jun-16,3784.32
16-Jun-16,3789.94
15-Jun-16,3799.16
14-Jun-16,3784.56
13-Jun-16,3817.66
10-Jun-16,3833.42
09-Jun-16,3818.19
08-Jun-16,3798.26
07-Jun-16,3797.74
06-Jun-16,3801.03
03-Jun-16,3801.31
02-Jun-16,3799.57
31-May-16,3827.80
30-May-16,3860.94
27-May-16,3867.50
26-May-16,3871.74
25-May-16,3912.33
24-May-16,3895.86
23-May-16,3875.69
20-May-16,3890.85
19-May-16,3880.81
18-May-16,3878.42
17-May-16,3866.97
16-May-16,3907.09
13-May-16,3927.69
12-May-16,3923.42
11-May-16,3934.43
10-May-16,3916.74
09-May-16,3962.95
06-May-16,3964.65
05-May-16,3977.85
04-May-16,3989.71
03-May-16,4022.61
29-Apr-16,4009.26
28-Apr-16,3990.20
27-Apr-16,3985.04
26-Apr-16,4012.72
25-Apr-16,4019.85
22-Apr-16,4010.82
21-Apr-16,3968.75
20-Apr-16,3939.50
19-Apr-16,3934.58
18-Apr-16,3929.51
15-Apr-16,3920.00
14-Apr-16,3901.45
13-Apr-16,3909.47
12-Apr-16,3925.32
11-Apr-16,3958.57
08-Apr-16,3999.33
07-Apr-16,4054.29
06-Apr-16,4030.00
05-Apr-16,4016.64
04-Apr-16,4008.50
01-Apr-16,3996.38
31-Mar-16,3982.09
30-Mar-16,3981.33
29-Mar-16,3995.56
24-Mar-16,4001.36
23-Mar-16,3991.95
22-Mar-16,3957.06
21-Mar-16,3938.22
18-Mar-16,3946.19
17-Mar-16,3927.65
16-Mar-16,3925.25
15-Mar-16,3921.10
14-Mar-16,3953.13
11-Mar-16,3958.82
10-Mar-16,3949.82
09-Mar-16,3951.42
08-Mar-16,3941.46
07-Mar-16,3980.09
04-Mar-16,3981.47
03-Mar-16,3932.48
02-Mar-16,3932.86
01-Mar-16,3884.01
29-Feb-16,3862.24
26-Feb-16,3871.62
25-Feb-16,3867.06
24-Feb-16,3850.93
23-Feb-16,3844.58
22-Feb-16,3814.06
19-Feb-16,3834.57
18-Feb-16,3804.73
17-Feb-16,3815.40
16-Feb-16,3789.59
15-Feb-16,3794.41
12-Feb-16,3790.54
11-Feb-16,3825.18
10-Feb-16,3851.07
09-Feb-16,3853.56
08-Feb-16,3844.39
05-Feb-16,3833.07
04-Feb-16,3785.73
03-Feb-16,3805.15
02-Feb-16,3781.36
01-Feb-16,3767.24
29-Jan-16,3773.17
28-Jan-16,3763.36
27-Jan-16,3759.86
26-Jan-16,3745.38
25-Jan-16,3752.45
22-Jan-16,3747.40
21-Jan-16,3759.94
20-Jan-16,3796.49
19-Jan-16,3835.10
18-Jan-16,3824.60
15-Jan-16,3839.29
14-Jan-16,3835.78
13-Jan-16,3880.13
12-Jan-16,3910.14
11-Jan-16,3929.92
08-Jan-16,3940.42
07-Jan-16,4003.11
06-Jan-16,4008.53
05-Jan-16,3974.58
04-Jan-16,4007.33
31-Dec-15,4040.75
30-Dec-15,3992.57
29-Dec-15,4004.91
28-Dec-15,3980.57
24-Dec-15,3955.73
23-Dec-15,3918.75
22-Dec-15,3954.54
21-Dec-15,4008.63
18-Dec-15,3989.95
17-Dec-15,4005.22
16-Dec-15,4011.66
15-Dec-15,3987.57
14-Dec-15,3968.20
11-Dec-15,3995.09
10-Dec-15,3986.28
09-Dec-15,4002.63
08-Dec-15,3994.88
07-Dec-15,3990.02
04-Dec-15,3990.64
03-Dec-15,3994.49
02-Dec-15,3989.87
01-Dec-15,3978.17
30-Nov-15,4016.18
27-Nov-15,3994.56
25-Nov-15,4044.72
24-Nov-15,4020.55
23-Nov-15,4021.14
20-Nov-15,3992.58
19-Nov-15,3971.30
18-Nov-15,3946.99
17-Nov-15,3950.97
16-Nov-15,3928.72
13-Nov-15,3917.64
12-Nov-15,3916.62
11-Nov-15,3919.10
10-Nov-15,3887.53
09-Nov-15,3892.84
06-Nov-15,3872.57
05-Nov-15,3868.09
04-Nov-15,3830.15
03-Nov-15,3829.91
02-Nov-15,3856.75
30-Oct-15,3868.83
29-Oct-15,3884.13
28-Oct-15,3905.88
27-Oct-15,3913.51
26-Oct-15,3936.60
23-Oct-15,3952.97
22-Oct-15,3935.88
21-Oct-15,3909.27
19-Oct-15,3930.32
16-Oct-15,3901.13
15-Oct-15,3868.18
14-Oct-15,3875.84
13-Oct-15,3978.70
12-Oct-15,3991.49
09-Oct-15,4017.34
08-Oct-15,4041.35
07-Oct-15,4071.56
06-Oct-15,4064.16
05-Oct-15,4084.36
02-Oct-15,4109.60
01-Oct-15,4153.00
30-Sep-15,4173.52
29-Sep-15,4189.22
28-Sep-15,4206.15
25-Sep-15,4221.10
24-Sep-15,4222.55
23-Sep-15,4207.27
22-Sep-15,4212.11
21-Sep-15,4242.26
18-Sep-15,4236.26
17-Sep-15,4248.95
16-Sep-15,4257.27
15-Sep-15,4250.60
14-Sep-15,4234.66
11-Sep-15,4210.02
10-Sep-15,4217.78
09-Sep-15,4219.89
08-Sep-15,4216.83
07-Sep-15,4194.73
04-Sep-15,4134.41
03-Sep-15,4153.31
02-Sep-15,4127.08
01-Sep-15,4153.21
31-Aug-15,4176.59
28-Aug-15,4101.67
27-Aug-15,4080.83
26-Aug-15,4171.35
25-Aug-15,4242.73
24-Aug-15,4337.47
21-Aug-15,4405.29
20-Aug-15,4429.87
19-Aug-15,4464.74
18-Aug-15,4482.19
17-Aug-15,4509.84
14-Aug-15,4496.23
13-Aug-15,4495.52
12-Aug-15,4499.06
11-Aug-15,4519.63
10-Aug-15,4483.58
07-Aug-15,4415.09
06-Aug-15,4350.70
05-Aug-15,4317.23
04-Aug-15,4343.16
03-Aug-15,4354.99
31-Jul-15,4404.72
30-Jul-15,4487.38
29-Jul-15,4532.28
28-Jul-15,4485.71
27-Jul-15,4467.36
24-Jul-15,4500.43
23-Jul-15,4539.47
22-Jul-15,4578.62
21-Jul-15,4605.25
20-Jul-15,4627.90
17-Jul-15,4638.44
16-Jul-15,4676.16
15-Jul-15,4690.16
14-Jul-15,4692.17
13-Jul-15,4723.76
10-Jul-15,4727.46
09-Jul-15,4754.66
08-Jul-15,4762.87
07-Jul-15,4815.00
06-Jul-15,4814.11
03-Jul-15,4812.57
02-Jul-15,4839.60
01-Jul-15,4858.42
30-Jun-15,4906.07
29-Jun-15,4837.58
26-Jun-15,4810.36
25-Jun-15,4798.73
24-Jun-15,4793.77
23-Jun-15,4776.35
22-Jun-15,4780.48
19-Jun-15,4778.63
18-Jun-15,4796.26
17-Jun-15,4790.42
16-Jun-15,4773.23
15-Jun-15,4759.58
12-Jun-15,4765.02
11-Jun-15,4744.95
10-Jun-15,4744.66
09-Jun-15,4745.42
08-Jun-15,4761.44
05-Jun-15,4784.07
04-Jun-15,4773.79
03-Jun-15,4790.50
02-Jun-15,4816.66
29-May-15,4786.74
28-May-15,4805.89
27-May-15,4835.75
26-May-15,4853.44
25-May-15,4858.61
22-May-15,4879.95
21-May-15,4928.91
20-May-15,4924.45
19-May-15,4941.71
18-May-15,4932.32
15-May-15,4980.71
14-May-15,4979.71
13-May-15,4980.48
12-May-15,5012.94
11-May-15,5042.52
08-May-15,5070.75
07-May-15,5074.76
06-May-15,5083.94
05-May-15,5100.51
04-May-15,5085.40
30-Apr-15,5091.43
29-Apr-15,5061.11
28-Apr-15,5055.00
27-Apr-15,5056.27
24-Apr-15,5061.09
23-Apr-15,5026.79
22-Apr-15,5042.85
21-Apr-15,5073.86
20-Apr-15,5102.04
17-Apr-15,5093.00
16-Apr-15,5078.74
15-Apr-15,5126.02
14-Apr-15,5128.02
13-Apr-15,5136.20
10-Apr-15,5123.97
09-Apr-15,5128.03
08-Apr-15,5142.35
07-Apr-15,5179.76
02-Apr-15,5196.86
01-Apr-15,5240.53
31-Mar-15,5248.16
30-Mar-15,5242.62
27-Mar-15,5242.35
26-Mar-15,5252.74
25-Mar-15,5275.10
24-Mar-15,5254.60
23-Mar-15,5265.67
20-Mar-15,5304.41
19-Mar-15,5346.56
18-Mar-15,5342.36
17-Mar-15,5313.84
16-Mar-15,5342.17
13-Mar-15,5350.30
12-Mar-15,5347.54
11-Mar-15,5362.43
10-Mar-15,5368.69
09-Mar-15,5371.69
06-Mar-15,5373.22
05-Mar-15,5411.05
04-Mar-15,5461.08
03-Mar-15,5474.45
02-Mar-15,5499.64
27-Feb-15,5491.37
26-Feb-15,5475.84
25-Feb-15,5467.78
24-Feb-15,5455.23
23-Feb-15,5455.84
20-Feb-15,5465.90
19-Feb-15,5473.81
18-Feb-15,5446.04
17-Feb-15,5403.72
16-Feb-15,5357.69
13-Feb-15,5340.08
12-Feb-15,5333.86
11-Feb-15,5330.01
10-Feb-15,5313.06
09-Feb-15,5296.07
06-Feb-15,5280.72
05-Feb-15,5284.41
04-Feb-15,5268.98
03-Feb-15,5242.61
02-Feb-15,5222.76
30-Jan-15,5212.11
29-Jan-15,5194.21
28-Jan-15,5207.04
27-Jan-15,5213.48
26-Jan-15,5209.84
23-Jan-15,5217.88
22-Jan-15,5172.88
21-Jan-15,5159.96
20-Jan-15,5139.06
19-Jan-15,5177.38
16-Jan-15,5203.72
15-Jan-15,5201.61
14-Jan-15,5193.93
13-Jan-15,5138.07
12-Jan-15,5121.99
09-Jan-15,5121.76
08-Jan-15,5097.80
07-Jan-15,5102.67
06-Jan-15,5098.49
05-Jan-15,5089.71
02-Jan-15,5117.43
31-Dec-14,5112.65
30-Dec-14,5091.60
29-Dec-14,5049.19
24-Dec-14,5049.19
23-Dec-14,4907.27
22-Dec-14,4910.32
19-Dec-14,4910.10
18-Dec-14,4957.52
17-Dec-14,5048.20
16-Dec-14,5091.30
15-Dec-14,5106.67
11-Dec-14,5212.11
10-Dec-14,5135.97
09-Dec-14,5173.77
08-Dec-14,5193.96
05-Dec-14,5184.92
04-Dec-14,5169.88
03-Dec-14,5111.37
02-Dec-14,5170.57
01-Dec-14,5172.57
28-Nov-14,5156.33
27-Nov-14,5152.26
26-Nov-14,5174.02
25-Nov-14,5137.94
24-Nov-14,5145.98
21-Nov-14,5166.45
20-Nov-14,5145.28
19-Nov-14,5117.08
18-Nov-14,5108.84
17-Nov-14,5111.47
14-Nov-14,5139.37
13-Nov-14,5123.45
12-Nov-14,5123.45
11-Nov-14,5098.40
10-Nov-14,5058.41
07-Nov-14,5074.93
06-Nov-14,5075.93
05-Nov-14,5101.11
04-Nov-14,5151.46
03-Nov-14,5193.11
31-Oct-14,5194.89
30-Oct-14,5233.42
29-Oct-14,5221.44
28-Oct-14,5198.89
27-Oct-14,5197.67
24-Oct-14,5161.21
23-Oct-14,5259.43
22-Oct-14,5251.09
21-Oct-14,5259.18
17-Oct-14,5279.88
16-Oct-14,5290.09
15-Oct-14,5304.86
14-Oct-14,5299.12
13-Oct-14,5311.27
10-Oct-14,5280.46
09-Oct-14,5272.53
08-Oct-14,5287.87
07-Oct-14,5300.21
06-Oct-14,5323.49
03-Oct-14,5292.42
02-Oct-14,5249.65
01-Oct-14,5267.54
30-Sep-14,5255.62
29-Sep-14,5257.81
26-Sep-14,5216.96
25-Sep-14,5249.07
24-Sep-14,5322.65
23-Sep-14,5377.29
22-Sep-14,5406.39
19-Sep-14,5307.52
18-Sep-14,5222.87
17-Sep-14,5209.10
16-Sep-14,5217.25
15-Sep-14,5182.98
12-Sep-14,5169.50
11-Sep-14,5197.67
10-Sep-14,5190.01
09-Sep-14,5182.89
08-Sep-14,5168.80
05-Sep-14,5160.32
04-Sep-14,5157.15
03-Sep-14,5163.28
02-Sep-14,5163.21
01-Sep-14,5140.92
29-Aug-14,5139.39
28-Aug-14,5089.16
27-Aug-14,5072.87
26-Aug-14,5044.40
25-Aug-14,5033.69
22-Aug-14,5028.06
21-Aug-14,5024.64
20-Aug-14,5048.69
19-Aug-14,5070.13
18-Aug-14,5040.56
15-Aug-14,5042.90
14-Aug-14,5019.28
13-Aug-14,5010.13
12-Aug-14,5023.49
11-Aug-14,5015.57
08-Aug-14,5003.78
07-Aug-14,5011.51
06-Aug-14,5022.36
05-Aug-14,5003.36
04-Aug-14,4954.51
01-Aug-14,4942.28
31-Jul-14,4906.09
30-Jul-14,4891.03
28-Jul-14,4863.87
25-Jul-14,4879.09
24-Jul-14,4883.75
23-Jul-14,4903.68
22-Jul-14,4882.73
21-Jul-14,4896.77
18-Jul-14,4910.60
17-Jul-14,4913.61
16-Jul-14,4870.96
15-Jul-14,4889.99
14-Jul-14,4902.30
11-Jul-14,4902.18
10-Jul-14,4898.29
09-Jul-14,4892.84
08-Jul-14,4876.01
07-Jul-14,4868.81
04-Jul-14,4885.71
03-Jul-14,4884.69
02-Jul-14,4922.99
01-Jul-14,4925.86
30-Jun-14,4885.04
27-Jun-14,4834.02
26-Jun-14,4856.35
25-Jun-14,4845.60
24-Jun-14,4856.15
23-Jun-14,4843.36
20-Jun-14,4825.52
19-Jun-14,4797.42
18-Jun-14,4790.38
17-Jun-14,4764.11
16-Jun-14,4787.94
13-Jun-14,4836.71
12-Jun-14,4811.00
11-Jun-14,4832.09
10-Jun-14,4828.65
09-Jun-14,4835.69
06-Jun-14,4847.83
05-Jun-14,4835.53
04-Jun-14,4856.54
03-Jun-14,4866.71
30-May-14,4881.56
29-May-14,4895.13
28-May-14,4885.29
27-May-14,4888.36
26-May-14,4899.92
23-May-14,4925.58
22-May-14,4915.06
21-May-14,4902.62
20-May-14,4920.61
19-May-14,4939.49
16-May-14,4967.57
15-May-14,4945.33
14-May-14,4940.99
13-May-14,4975.39
12-May-14,4978.20
09-May-14,4963.76
08-May-14,4962.06
07-May-14,4946.24
06-May-14,4942.87
05-May-14,4930.63
02-May-14,4959.91
30-Apr-14,4948.97
29-Apr-14,4956.52
28-Apr-14,4958.16
25-Apr-14,4956.78
24-Apr-14,4923.71
23-Apr-14,4904.66
22-Apr-14,4904.58
17-Apr-14,4921.13
16-Apr-14,4906.96
15-Apr-14,4910.92
14-Apr-14,4909.10
11-Apr-14,4905.46
10-Apr-14,4878.88
09-Apr-14,4892.70
08-Apr-14,4882.33
07-Apr-14,4869.75
04-Apr-14,4908.75
03-Apr-14,4918.07
02-Apr-14,4933.56
01-Apr-14,4959.96
31-Mar-14,4945.78
28-Mar-14,4972.45
27-Mar-14,4958.62
26-Mar-14,4969.24
25-Mar-14,4974.05
24-Mar-14,4961.02
21-Mar-14,4971.74
20-Mar-14,4940.97
19-Mar-14,4936.80
18-Mar-14,4928.74
17-Mar-14,4922.65
14-Mar-14,4983.83
13-Mar-14,4960.65
12-Mar-14,4935.81
11-Mar-14,4915.84
10-Mar-14,4943.57
07-Mar-14,4906.72
06-Mar-14,4896.40
05-Mar-14,4902.72
04-Mar-14,4906.70
03-Mar-14,4935.01
28-Feb-14,4933.41
27-Feb-14,4915.85
26-Feb-14,4903.48
25-Feb-14,4875.82
24-Feb-14,4848.71
21-Feb-14,4836.25
20-Feb-14,4806.69
19-Feb-14,4786.18
18-Feb-14,4797.20
17-Feb-14,4806.73
14-Feb-14,4838.47
13-Feb-14,4839.52
12-Feb-14,4842.22
11-Feb-14,4833.36
10-Feb-14,5267.54
07-Feb-14,4831.80
06-Feb-14,4843.90
05-Feb-14,4870.43
04-Feb-14,4883.90
03-Feb-14,4828.34
31-Jan-14,4856.15
30-Jan-14,4960.99
29-Jan-14,5015.67
28-Jan-14,5060.53
27-Jan-14,5078.13
24-Jan-14,5091.30
23-Jan-14,5063.98
22-Jan-14,5092.16
21-Jan-14,5075.06
20-Jan-14,5023.12
17-Jan-14,5018.58
16-Jan-14,5021.07
15-Jan-14,5058.51
14-Jan-14,5023.05
13-Jan-14,5017.20
10-Jan-14,5059.52
09-Jan-14,5044.35
08-Jan-14,5010.93
07-Jan-14,4993.12
06-Jan-14,4940.51
03-Jan-14,4901.12
02-Jan-14,4910.74
31-Dec-13,4926.97
30-Dec-13,4874.29
27-Dec-13,4886.52
24-Dec-13,4885.87
23-Dec-13,4851.84
20-Dec-13,4851.06
19-Dec-13,4849.30
18-Dec-13,4855.50
17-Dec-13,4876.05
16-Dec-13,4912.36
11-Dec-13,4913.55
10-Dec-13,4943.64
09-Dec-13,4969.32
06-Dec-13,4976.77
05-Dec-13,5005.45
04-Dec-13,5042.94
03-Dec-13,5076.47
02-Dec-13,5072.87
29-Nov-13,5100.88
28-Nov-13,5137.21
27-Nov-13,5125.74
26-Nov-13,5085.83
25-Nov-13,5068.36
22-Nov-13,5054.21
21-Nov-13,5053.91
20-Nov-13,5024.08
19-Nov-13,5052.63
18-Nov-13,5058.16
15-Nov-13,5043.58
14-Nov-13,5030.76
13-Nov-13,5026.82
12-Nov-13,5031.02
11-Nov-13,5027.28
08-Nov-13,5019.18
07-Nov-13,5017.78
06-Nov-13,4990.24
04-Nov-13,4964.42
01-Nov-13,4989.97
31-Oct-13,4992.88
30-Oct-13,4970.88
29-Oct-13,4940.32
28-Oct-13,4940.32
25-Oct-13,4935.91
24-Oct-13,4949.65
23-Oct-13,4953.84
18-Oct-13,4948.77
17-Oct-13,4919.17
16-Oct-13,4923.47
15-Oct-13,4934.07
14-Oct-13,4925.96
11-Oct-13,4929.62
10-Oct-13,4947.00
09-Oct-13,4946.02
08-Oct-13,4930.79
07-Oct-13,4881.44
03-Oct-13,4838.07
02-Oct-13,4830.38
30-Sep-13,4793.20
27-Sep-13,4768.03
26-Sep-13,4764.12
25-Sep-13,4746.71
24-Sep-13,4729.30
23-Sep-13,4739.42
20-Sep-13,4751.82
19-Sep-13,4745.47
18-Sep-13,4728.03
17-Sep-13,4715.34
16-Sep-13,4710.36
13-Sep-13,4749.32
12-Sep-13,4732.92
11-Sep-13,4727.66
10-Sep-13,4722.91
09-Sep-13,4722.89
06-Sep-13,4708.95
05-Sep-13,4677.60
04-Sep-13,4659.85
03-Sep-13,4648.21
02-Sep-13,4669.85
30-Aug-13,4697.75
29-Aug-13,4708.05
28-Aug-13,4742.15
27-Aug-13,4774.58
26-Aug-13,4806.48
23-Aug-13,4821.50
22-Aug-13,4814.12
21-Aug-13,4830.50
20-Aug-13,4840.69
19-Aug-13,4851.54
16-Aug-13,4842.59
15-Aug-13,4812.27
13-Aug-13,4810.29
12-Aug-13,4805.34
08-Aug-13,4792.87
07-Aug-13,4801.03
06-Aug-13,4783.12
05-Aug-13,4783.40
02-Aug-13,4777.12
01-Aug-13,4781.40
31-Jul-13,4787.56
30-Jul-13,4796.97
29-Jul-13,4793.82
26-Jul-13,4801.63
25-Jul-13,4796.30
24-Jul-13,4787.78
23-Jul-13,4807.41
22-Jul-13,4807.41
19-Jul-13,4807.53
18-Jul-13,4800.16
17-Jul-13,4778.88
16-Jul-13,4786.47
15-Jul-13,4746.26
12-Jul-13,4720.53
11-Jul-13,4658.46
10-Jul-13,4640.50
09-Jul-13,4600.45
08-Jul-13,4576.21
05-Jul-13,4585.42
04-Jul-13,4574.10
03-Jul-13,4562.83
02-Jul-13,4561.74
01-Jul-13,4579.21
28-Jun-13,4598.16
26-Jun-13,4602.40
25-Jun-13,4641.07
24-Jun-13,4680.33
23-Jun-13,4706.80
21-Jun-13,4706.80
20-Jun-13,4713.39
19-Jun-13,4705.19
18-Jun-13,4701.22
17-Jun-13,4761.89
14-Jun-13,4806.52
13-Jun-13,4838.01
12-Jun-13,4862.69
11-Jun-13,4886.64
10-Jun-13,4957.08
07-Jun-13,4962.66
06-Jun-13,4989.04
05-Jun-13,4984.33
04-Jun-13,4985.48
03-Jun-13,4986.93
31-May-13,5006.96
30-May-13,4996.07
29-May-13,4987.16
28-May-13,4967.75
27-May-13,4953.03
24-May-13,4965.98
23-May-13,4956.95
22-May-13,4983.54
21-May-13,4978.65
20-May-13,4960.30
17-May-13,4978.79
16-May-13,4955.61
15-May-13,4918.27
14-May-13,4844.81
13-May-13,4866.05
10-May-13,4888.97
09-May-13,4917.46
08-May-13,4905.68
07-May-13,4881.75
06-May-13,4846.43
03-May-13,4821.17
02-May-13,4788.26
30-Apr-13,4765.23
29-Apr-13,4763.09
26-Apr-13,4785.38
25-Apr-13,4764.52
24-Apr-13,4810.40
23-Apr-13,4824.44
22-Apr-13,4839.49
19-Apr-13,4868.29
18-Apr-13,4902.60
17-Apr-13,4932.77
16-Apr-13,4947.51
15-Apr-13,4994.94
12-Apr-13,5020.50
11-Apr-13,5027.90
10-Apr-13,4990.04
08-Apr-13,4980.84
05-Apr-13,4985.68
04-Apr-13,4975.77
03-Apr-13,5030.91
02-Apr-13,5030.91
28-Mar-13,4860.83
27-Mar-13,4830.44
26-Mar-13,4758.22
25-Mar-13,4732.79
22-Mar-13,4713.60
21-Mar-13,4708.56
20-Mar-13,4719.05
19-Mar-13,4721.23
18-Mar-13,4727.04
15-Mar-13,4774.12
14-Mar-13,4831.85
13-Mar-13,4911.45
12-Mar-13,4985.91
11-Mar-13,4796.33
08-Mar-13,4658.64
07-Mar-13,4585.07
06-Mar-13,4546.83
05-Mar-13,4533.82
01-Mar-13,4510.47
28-Feb-13,4518.59
27-Feb-13,4513.55
25-Feb-13,4463.65
22-Feb-13,4477.89
20-Feb-13,4502.75
19-Feb-13,4551.06
18-Feb-13,4573.88
15-Feb-13,4614.75
14-Feb-13,4637.54
13-Feb-13,4648.09
12-Feb-13,4633.48
11-Feb-13,4611.03
08-Feb-13,4588.42
07-Feb-13,4561.16
06-Feb-13,4522.53
05-Feb-13,4483.62
04-Feb-13,4450.78
01-Feb-13,4420.79
31-Jan-13,4416.60
30-Jan-13,4412.61
29-Jan-13,4402.75
28-Jan-13,4403.38
25-Jan-13,4379.71
24-Jan-13,4385.00
23-Jan-13,4417.17
22-Jan-13,4461.32
21-Jan-13,4471.21
18-Jan-13,4500.09
17-Jan-13,4545.70
16-Jan-13,4553.25
15-Jan-13,4474.68
14-Jan-13,4413.97
11-Jan-13,4349.87
10-Jan-13,4319.73
09-Jan-13,4305.03
08-Jan-13,4247.74
07-Jan-13,4212.49
04-Jan-13,4191.05
03-Jan-13,4159.25
02-Jan-13,4140.43
31-Dec-12,4133.02
28-Dec-12,4122.22
27-Dec-12,4122.74
24-Dec-12,4109.28
21-Dec-12,4119.10
20-Dec-12,4127.60
19-Dec-12,4124.06
18-Dec-12,4085.70
17-Dec-12,4067.21
14-Dec-12,4056.18
13-Dec-12,4031.70
11-Dec-12,4031.72
10-Dec-12,4012.05
07-Dec-12,4037.99
06-Dec-12,4022.64
05-Dec-12,4057.39
04-Dec-12,4056.41
03-Dec-12,4063.09
30-Nov-12,4083.52
29-Nov-12,4111.92
28-Nov-12,4128.62
27-Nov-12,4139.02
26-Nov-12,4163.91
23-Nov-12,4166.55
22-Nov-12,4162.79
21-Nov-12,4171.87
20-Nov-12,4158.38
19-Nov-12,4147.94
16-Nov-12,4155.99
15-Nov-12,4160.49
14-Nov-12,4157.59
13-Nov-12,4156.86
12-Nov-12,4152.11
09-Nov-12,4159.73
08-Nov-12,4148.79
07-Nov-12,4121.13
06-Nov-12,4113.96
05-Nov-12,4124.53
01-Nov-12,4133.28
30-Oct-12,4143.35
29-Oct-12,4141.23
26-Oct-12,4132.91
25-Oct-12,4119.50
24-Oct-12,4095.26
23-Oct-12,4072.50
22-Oct-12,4053.79
19-Oct-12,4034.07
18-Oct-12,4023.55
17-Oct-12,4014.03
16-Oct-12,4032.41
15-Oct-12,4029.50
12-Oct-12,3995.03
11-Oct-12,3997.00
10-Oct-12,3982.94
09-Oct-12,3983.16
08-Oct-12,3971.68
05-Oct-12,3975.79
04-Oct-12,3961.05
03-Oct-12,4069.33
02-Oct-12,3945.25
01-Oct-12,3965.75
28-Sep-12,3972.03
27-Sep-12,3980.53
26-Sep-12,3950.90
25-Sep-12,3950.97
24-Sep-12,3942.40
21-Sep-12,3927.44
20-Sep-12,3934.52
19-Sep-12,3959.10
18-Sep-12,3956.54
17-Sep-12,3950.18
14-Sep-12,3953.53
13-Sep-12,3953.84
12-Sep-12,3941.10
11-Sep-12,3903.72
10-Sep-12,3860.41
07-Sep-12,3899.62
06-Sep-12,3888.14
05-Sep-12,3897.45
04-Sep-12,3895.86
03-Sep-12,3855.14
31-Aug-12,3865.76
30-Aug-12,3875.11
29-Aug-12,3878.13
28-Aug-12,3842.38
27-Aug-12,3839.12
24-Aug-12,3826.89
23-Aug-12,3817.70
22-Aug-12,3819.45
21-Aug-12,3808.47
17-Aug-12,3814.10
16-Aug-12,3804.54
15-Aug-12,3801.03
14-Aug-12,3800.23
13-Aug-12,3792.22
10-Aug-12,3831.01
09-Aug-12,3823.49
08-Aug-12,3815.10
07-Aug-12,3815.44
03-Aug-12,3843.58
02-Aug-12,3825.08
01-Aug-12,3825.65
31-Jul-12,3832.42
30-Jul-12,3854.28
27-Jul-12,3870.51
26-Jul-12,3878.52
25-Jul-12,3878.49
24-Jul-12,3845.93
23-Jul-12,3844.61
19-Jul-12,3825.93
18-Jul-12,3788.52
17-Jul-12,3778.10
16-Jul-12,3795.10
13-Jul-12,3788.64
12-Jul-12,3802.96
11-Jul-12,3797.40
10-Jul-12,3789.33
09-Jul-12,3791.06
06-Jul-12,3793.32
05-Jul-12,3795.32
04-Jul-12,3791.79
03-Jul-12,3790.07
02-Jul-12,3763.91
29-Jun-12,3703.94
28-Jun-12,3704.70
27-Jun-12,3739.00
26-Jun-12,3738.15
25-Jun-12,3725.55
22-Jun-12,3704.70
21-Jun-12,3682.24
20-Jun-12,3694.55
19-Jun-12,3663.11
18-Jun-12,3682.23
15-Jun-12,3694.23
14-Jun-12,3685.36
13-Jun-12,3670.75
12-Jun-12,3670.18
11-Jun-12,3657.01
08-Jun-12,3639.46
07-Jun-12,3651.27
06-Jun-12,3634.82
05-Jun-12,3635.86
04-Jun-12,3653.29
31-May-12,3650.85
30-May-12,3626.07
29-May-12,3627.64
28-May-12,3618.53
25-May-12,3634.85
24-May-12,3668.21
23-May-12,3678.02
22-May-12,3672.36
21-May-12,3708.88
18-May-12,3699.69
17-May-12,3677.81
16-May-12,3655.07
15-May-12,3637.08
14-May-12,3628.64
11-May-12,3599.33
10-May-12,3589.43
09-May-12,3585.93
08-May-12,3599.18
07-May-12,3599.13
04-May-12,3611.10
03-May-12,3585.12
02-May-12,3541.07
30-Apr-12,3546.66
27-Apr-12,3534.53
26-Apr-12,3557.13
25-Apr-12,3579.57
24-Apr-12,3581.33
23-Apr-12,3571.20
20-Apr-12,3554.46
19-Apr-12,3534.27
18-Apr-12,3489.24
17-Apr-12,3461.19
16-Apr-12,3443.94
13-Apr-12,3456.35
12-Apr-12,3454.34
11-Apr-12,3429.02
10-Apr-12,3396.83
05-Apr-12,3400.48
04-Apr-12,3408.70
03-Apr-12,3392.23
02-Apr-12,3363.72
30-Mar-12,3366.89
29-Mar-12,3360.12
28-Mar-12,3367.23
27-Mar-12,3339.27
26-Mar-12,3312.56
23-Mar-12,3312.85
22-Mar-12,3293.91
21-Mar-12,3293.10
20-Mar-12,3285.51
19-Mar-12,3317.62
16-Mar-12,3318.95
15-Mar-12,3326.35
14-Mar-12,3332.89
13-Mar-12,3358.60
12-Mar-12,3399.97
09-Mar-12,3401.60
08-Mar-12,3394.29
07-Mar-12,3380.27
06-Mar-12,3362.59
05-Mar-12,3343.96
02-Mar-12,3329.16
01-Mar-12,3312.15
29-Feb-12,3303.75
28-Feb-12,3275.87
27-Feb-12,3258.43
24-Feb-12,3248.40
23-Feb-12,3208.63
22-Feb-12,3199.67
21-Feb-12,3183.01
20-Feb-12,3176.36
17-Feb-12,3182.14
16-Feb-12,3154.46
15-Feb-12,3143.90
14-Feb-12,3142.74
13-Feb-12,3156.19
10-Feb-12,3160.51
09-Feb-12,3156.87
08-Feb-12,3167.87
07-Feb-12,3168.27
06-Feb-12,3167.49
03-Feb-12,3196.70
02-Feb-12,3215.70
01-Feb-12,3205.01
31-Jan-12,3224.18
30-Jan-12,3224.89
27-Jan-12,3202.34
26-Jan-12,3188.23
25-Jan-12,3191.72
24-Jan-12,3182.88
23-Jan-12,3171.63
20-Jan-12,3185.14
19-Jan-12,3204.76
18-Jan-12,3202.57
17-Jan-12,3190.78
16-Jan-12,3187.22
13-Jan-12,3184.92
12-Jan-12,3196.86
11-Jan-12,3200.80
10-Jan-12,3180.55
09-Jan-12,3200.46
06-Jan-12,3224.87
05-Jan-12,3220.74
04-Jan-12,3203.35
03-Jan-12,3212.86
30-Dec-11,3205.02
28-Dec-11,3163.16
27-Dec-11,3168.55
23-Dec-11,3145.72
22-Dec-11,3139.67
21-Dec-11,3128.03
20-Dec-11,3106.72
19-Dec-11,3109.79
16-Dec-11,3118.92
15-Dec-11,3106.90
14-Dec-11,3120.88
13-Dec-11,3110.64
09-Dec-11,3115.64
08-Dec-11,3109.25
07-Dec-11,3078.49
06-Dec-11,3070.36
05-Dec-11,3072.38
02-Dec-11,3103.04
01-Dec-11,3122.50
30-Nov-11,3155.46
29-Nov-11,3185.71
28-Nov-11,3235.54
25-Nov-11,3252.59
24-Nov-11,3288.70
23-Nov-11,3320.77
22-Nov-11,3333.09
21-Nov-11,3348.44
18-Nov-11,3350.29
17-Nov-11,3370.72
16-Nov-11,3355.67
15-Nov-11,3374.37
14-Nov-11,3387.51
11-Nov-11,3422.82
10-Nov-11,3447.66
09-Nov-11,3449.24
08-Nov-11,3449.31
07-Nov-11,3459.51
04-Nov-11,3500.55
03-Nov-11,3497.10
02-Nov-11,3540.03
01-Nov-11,3536.25
31-Oct-11,3507.34
28-Oct-11,3450.33
27-Oct-11,3381.90
26-Oct-11,3328.57
24-Oct-11,3304.85
21-Oct-11,3304.39
19-Oct-11,3300.48
17-Oct-11,3289.51
14-Oct-11,3277.50
13-Oct-11,3290.90
12-Oct-11,3306.34
11-Oct-11,3296.55
10-Oct-11,3293.95
07-Oct-11,3273.05
06-Oct-11,3281.96
05-Oct-11,3273.33
04-Oct-11,3277.79
03-Oct-11,3280.96
30-Sep-11,3284.06
29-Sep-11,3291.79
28-Sep-11,3323.44
27-Sep-11,3361.51
26-Sep-11,3383.27
23-Sep-11,3417.60
22-Sep-11,3430.27
21-Sep-11,3439.86
20-Sep-11,3478.35
19-Sep-11,3491.07
16-Sep-11,3507.77
15-Sep-11,3464.65
14-Sep-11,3444.70
13-Sep-11,3430.92
12-Sep-11,3398.66
09-Sep-11,3393.70
08-Sep-11,3400.68
07-Sep-11,3360.61
06-Sep-11,3357.66
05-Sep-11,3366.36
02-Sep-11,3397.83
01-Sep-11,3402.13
30-Aug-11,3465.02
29-Aug-11,3439.21
26-Aug-11,3458.39
25-Aug-11,3444.28
24-Aug-11,3476.61
23-Aug-11,3507.75
22-Aug-11,3510.65
19-Aug-11,3546.33
18-Aug-11,3540.42
17-Aug-11,3516.75
16-Aug-11,3507.34
15-Aug-11,3501.64
12-Aug-11,3511.10
11-Aug-11,3519.28
10-Aug-11,3514.21
09-Aug-11,3520.47
08-Aug-11,3645.12
05-Aug-11,3721.53
04-Aug-11,3744.59
03-Aug-11,3745.07
02-Aug-11,3747.83
01-Aug-11,3710.80
29-Jul-11,3738.46
28-Jul-11,3733.34
27-Jul-11,3769.45
26-Jul-11,3757.89
25-Jul-11,3766.46
22-Jul-11,3777.41
21-Jul-11,3756.69
20-Jul-11,3780.93
19-Jul-11,3784.79
18-Jul-11,3738.64
15-Jul-11,3782.36
14-Jul-11,3746.00
13-Jul-11,3777.13
12-Jul-11,3813.18
11-Jul-11,3865.72
08-Jul-11,3885.39
07-Jul-11,3906.71
06-Jul-11,3923.82
05-Jul-11,3938.53
04-Jul-11,3962.79
01-Jul-11,3942.94
30-Jun-11,3968.12
29-Jun-11,3967.74
28-Jun-11,3936.89
27-Jun-11,3953.25
24-Jun-11,3969.03
23-Jun-11,3970.59
22-Jun-11,3964.17
21-Jun-11,3995.64
20-Jun-11,3986.05
17-Jun-11,3984.77
16-Jun-11,3992.30
15-Jun-11,3981.53
14-Jun-11,4009.31
13-Jun-11,4031.37
10-Jun-11,4066.90
09-Jun-11,4086.62
08-Jun-11,4098.52
07-Jun-11,4089.38
06-Jun-11,4088.90
03-Jun-11,4086.96
02-Jun-11,4091.55
31-May-11,4078.10
30-May-11,4078.32
27-May-11,4089.61
26-May-11,4070.05
25-May-11,4071.37
24-May-11,4051.05
23-May-11,4002.83
20-May-11,4001.64
19-May-11,3986.78
18-May-11,3988.01
17-May-11,3993.09
16-May-11,3975.53
13-May-11,3987.19
12-May-11,3992.55
11-May-11,4013.38
10-May-11,4007.86
09-May-11,4035.26
06-May-11,4036.35
05-May-11,4031.78
04-May-11,4032.16
03-May-11,4031.44
29-Apr-11,4029.23
28-Apr-11,4005.78
27-Apr-11,4037.49
26-Apr-11,4025.91
21-Apr-11,4023.19
20-Apr-11,4007.73
19-Apr-11,4017.42
18-Apr-11,4032.06
15-Apr-11,4022.66
14-Apr-11,3998.59
13-Apr-11,3981.08
12-Apr-11,4006.94
11-Apr-11,4019.14
08-Apr-11,4001.50
07-Apr-11,3993.07
06-Apr-11,4010.22
05-Apr-11,3998.38
04-Apr-11,3966.89
01-Apr-11,3924.55
31-Mar-11,3887.07
30-Mar-11,3877.32
29-Mar-11,3870.97
28-Mar-11,3891.97
25-Mar-11,3882.96
24-Mar-11,3873.45
23-Mar-11,3881.89
22-Mar-11,3899.85
21-Mar-11,3922.24
18-Mar-11,3983.49
17-Mar-11,3993.53
16-Mar-11,4017.80
15-Mar-11,4026.78
14-Mar-11,3986.59
11-Mar-11,3928.25
10-Mar-11,3915.01
09-Mar-11,4028.88
08-Mar-11,4090.07
07-Mar-11,4136.55
04-Mar-11,4163.65
03-Mar-11,4182.58
02-Mar-11,4182.83
01-Mar-11,4199.91
28-Feb-11,4240.18
25-Feb-11,4269.51
24-Feb-11,4264.66
23-Feb-11,4261.58
22-Feb-11,4258.58
21-Feb-11,4246.91
18-Feb-11,4267.87
17-Feb-11,4284.90
16-Feb-11,4295.12
15-Feb-11,4311.24
14-Feb-11,4322.33
11-Feb-11,4327.54
10-Feb-11,4326.57
09-Feb-11,4361.82
08-Feb-11,4383.57
07-Feb-11,4391.29
04-Feb-11,4390.46
03-Feb-11,4386.69
02-Feb-11,4399.99
01-Feb-11,4431.04
31-Jan-11,4464.92
28-Jan-11,4497.14
27-Jan-11,4526.78
26-Jan-11,4516.40
25-Jan-11,4498.29
24-Jan-11,4501.88
21-Jan-11,4514.59
20-Jan-11,4537.30
19-Jan-11,4547.14
18-Jan-11,4540.31
17-Jan-11,4541.70
14-Jan-11,4551.07
13-Jan-11,4563.65
12-Jan-11,4547.34
11-Jan-11,4579.52
10-Jan-11,4610.92
07-Jan-11,4621.66
06-Jan-11,4594.45
05-Jan-11,4531.11
04-Jan-11,4486.49
03-Jan-11,4495.41
31-Dec-10,4432.60
30-Dec-10,4396.49
29-Dec-10,4396.37
28-Dec-10,4347.90
27-Dec-10,4359.49
24-Dec-10,4361.27
23-Dec-10,4337.06
22-Dec-10,4334.16
21-Dec-10,4329.71
20-Dec-10,4364.49
17-Dec-10,4326.08
16-Dec-10,4368.31
15-Dec-10,4382.43
14-Dec-10,4384.23
10-Dec-10,4383.36
09-Dec-10,4371.89
08-Dec-10,4381.40
07-Dec-10,4378.63
06-Dec-10,4376.77
03-Dec-10,4385.03
02-Dec-10,4388.43
01-Dec-10,4390.98
30-Nov-10,4395.17
29-Nov-10,4435.51
26-Nov-10,4471.42
25-Nov-10,4528.26
24-Nov-10,4548.77
23-Nov-10,4576.80
22-Nov-10,4577.17
19-Nov-10,4580.33
18-Nov-10,4555.28
17-Nov-10,4541.20
16-Nov-10,4546.28
15-Nov-10,4574.28
12-Nov-10,4595.28
11-Nov-10,4587.49
10-Nov-10,4622.46
09-Nov-10,4626.47
08-Nov-10,4668.00
05-Nov-10,4652.09
04-Nov-10,4629.03
03-Nov-10,4647.21
02-Nov-10,4686.98
01-Nov-10,4675.17
29-Oct-10,4659.56
28-Oct-10,4640.42
27-Oct-10,4649.52
26-Oct-10,4701.15
25-Oct-10,4666.21
22-Oct-10,4678.10
21-Oct-10,4664.03
19-Oct-10,4648.20
18-Oct-10,4629.26
15-Oct-10,4625.96
14-Oct-10,4608.36
13-Oct-10,4612.57
12-Oct-10,4642.28
11-Oct-10,4611.37
08-Oct-10,4620.21
07-Oct-10,4626.19
06-Oct-10,4638.18
05-Oct-10,4623.19
04-Oct-10,4623.81
01-Oct-10,4636.18
30-Sep-10,4629.80
29-Sep-10,4643.70
28-Sep-10,4605.11
27-Sep-10,4589.83
24-Sep-10,4581.72
23-Sep-10,4601.81
22-Sep-10,4613.75
21-Sep-10,4579.93
20-Sep-10,4583.01
17-Sep-10,4549.87
16-Sep-10,4541.25
15-Sep-10,4547.37
14-Sep-10,4545.86
13-Sep-10,4503.86
10-Sep-10,4486.28
09-Sep-10,4457.47
08-Sep-10,4442.60
07-Sep-10,4424.72
06-Sep-10,4427.77
03-Sep-10,4437.69
02-Sep-10,4466.96
01-Sep-10,4446.68
31-Aug-10,4454.59
30-Aug-10,4476.19
26-Aug-10,4509.56
25-Aug-10,4541.70
24-Aug-10,4564.83
23-Aug-10,4588.61
20-Aug-10,4597.07
19-Aug-10,4603.26
18-Aug-10,4604.77
17-Aug-10,4574.54
16-Aug-10,4532.46
13-Aug-10,4495.27
12-Aug-10,4544.52
11-Aug-10,4554.24
10-Aug-10,4626.41
09-Aug-10,4666.36
06-Aug-10,4674.31
05-Aug-10,4667.47
03-Aug-10,4591.04
02-Aug-10,4494.78
30-Jul-10,4438.58
29-Jul-10,4398.32
28-Jul-10,4338.25
27-Jul-10,4325.20
26-Jul-10,4326.01
23-Jul-10,4329.92
22-Jul-10,4345.86
21-Jul-10,4329.95
20-Jul-10,4345.30
19-Jul-10,4332.52
16-Jul-10,4372.53
15-Jul-10,4344.84
14-Jul-10,4329.95
13-Jul-10,4310.81
12-Jul-10,4322.99
09-Jul-10,4308.35
08-Jul-10,4321.39
07-Jul-10,4304.38
06-Jul-10,4309.41
05-Jul-10,4323.85
02-Jul-10,4324.63
01-Jul-10,4313.01
30-Jun-10,4339.28
29-Jun-10,4339.52
28-Jun-10,4318.80
25-Jun-10,4296.61
24-Jun-10,4309.51
23-Jun-10,4277.64
22-Jun-10,4272.97
21-Jun-10,4284.62
18-Jun-10,4312.44
17-Jun-10,4327.40
16-Jun-10,4337.63
15-Jun-10,4315.31
14-Jun-10,4298.84
11-Jun-10,4272.72
10-Jun-10,4263.06
09-Jun-10,4247.09
08-Jun-10,4257.58
07-Jun-10,4249.44
04-Jun-10,4242.10
03-Jun-10,4234.29
02-Jun-10,4270.74
31-May-10,4241.81
28-May-10,4221.11
27-May-10,4203.40
26-May-10,4262.24
25-May-10,4320.06
24-May-10,4319.66
21-May-10,4314.90
20-May-10,4306.30
19-May-10,4305.85
18-May-10,4299.50
17-May-10,4285.61
14-May-10,4288.84
13-May-10,4251.20
12-May-10,4241.79
11-May-10,4226.63
10-May-10,4237.35
07-May-10,4277.63
06-May-10,4270.74
05-May-10,4243.57
04-May-10,4205.54
03-May-10,4217.18
30-Apr-10,4233.24
29-Apr-10,4270.87
28-Apr-10,4280.80
27-Apr-10,4289.85
26-Apr-10,4278.31
23-Apr-10,4226.03
22-Apr-10,4181.41
21-Apr-10,4148.09
20-Apr-10,4109.86
19-Apr-10,4095.56
16-Apr-10,4111.49
15-Apr-10,4099.44
14-Apr-10,4073.86
13-Apr-10,4060.17
12-Apr-10,4074.02
09-Apr-10,4061.93
08-Apr-10,4061.93
07-Apr-10,4061.93
06-Apr-10,4061.93
01-Apr-10,4060.03
31-Mar-10,4072.93
30-Mar-10,4057.63
29-Mar-10,4029.73
26-Mar-10,4055.16
25-Mar-10,4042.87
24-Mar-10,4017.81
23-Mar-10,4010.56
22-Mar-10,3990.22
19-Mar-10,3954.40
18-Mar-10,4008.17
17-Mar-10,4066.29
16-Mar-10,4096.45
15-Mar-10,4061.10
12-Mar-10,3964.86
11-Mar-10,3964.86
10-Mar-10,3900.12
09-Mar-10,3810.74
08-Mar-10,3743.11
05-Mar-10,3706.80
04-Mar-10,3675.54
03-Mar-10,3666.53
02-Mar-10,3657.52
01-Mar-10,3621.04
26-Feb-10,3629.41
25-Feb-10,3627.30
24-Feb-10,3634.11
23-Feb-10,3596.21
22-Feb-10,3562.47
19-Feb-10,3553.99
18-Feb-10,3536.72
17-Feb-10,3520.92
16-Feb-10,3570.92
15-Feb-10,3600.47
12-Feb-10,3606.46
11-Feb-10,3604.74
10-Feb-10,3604.74
09-Feb-10,3604.95
08-Feb-10,3594.77
05-Feb-10,3599.40
04-Feb-10,3584.24
03-Feb-10,3583.56
02-Feb-10,3577.15
01-Feb-10,3579.27
29-Jan-10,3565.28
28-Jan-10,3572.39
27-Jan-10,3598.81
26-Jan-10,3607.14
25-Jan-10,3607.45
22-Jan-10,3628.68
21-Jan-10,3628.53
20-Jan-10,3639.99
19-Jan-10,3610.60
18-Jan-10,3545.82
15-Jan-10,3491.18
14-Jan-10,3426.41
13-Jan-10,3370.37
12-Jan-10,3344.54
11-Jan-10,3349.59
08-Jan-10,3303.56
07-Jan-10,3282.58
06-Jan-10,3266.53
05-Jan-10,3254.26
04-Jan-10,3261.17
31-Dec-09,3247.44
29-Dec-09,3235.89
28-Dec-09,3212.51
24-Dec-09,3209.67
22-Dec-09,3199.79
21-Dec-09,3184.21
17-Dec-09,3186.76
16-Dec-09,3174.73
15-Dec-09,3164.24
14-Dec-09,3147.43
11-Dec-09,3152.22
10-Dec-09,3181.76
09-Dec-09,3192.98
08-Dec-09,3192.04
07-Dec-09,3188.71
04-Dec-09,3184.55
03-Dec-09,3170.51
02-Dec-09,3174.22
01-Dec-09,3176.45
30-Nov-09,3189.55
27-Nov-09,3197.84
26-Nov-09,3191.93
25-Nov-09,3188.71
24-Nov-09,3156.71
23-Nov-09,3156.35
20-Nov-09,3132.62
19-Nov-09,3111.95
18-Nov-09,3112.80
17-Nov-09,3141.66
16-Nov-09,3142.30
13-Nov-09,3136.89
12-Nov-09,3131.47
11-Nov-09,3114.53
10-Nov-09,3094.13
09-Nov-09,3082.36
06-Nov-09,3089.44
05-Nov-09,3077.11
04-Nov-09,3076.44
03-Nov-09,3081.07
02-Nov-09,3082.92
30-Oct-09,3083.63
29-Oct-09,3066.01
28-Oct-09,3047.87
27-Oct-09,3043.22
26-Oct-09,3057.23
22-Oct-09,3049.99
21-Oct-09,3031.10
19-Oct-09,3042.42
16-Oct-09,3031.79
14-Oct-09,2969.15
13-Oct-09,2976.80
12-Oct-09,2961.01
09-Oct-09,2983.38
07-Oct-09,2986.83
06-Oct-09,3020.62
05-Oct-09,3021.69
02-Oct-09,3037.00
01-Oct-09,3022.33
30-Sep-09,3005.41
29-Sep-09,3015.72
28-Sep-09,3023.03
25-Sep-09,3046.04
24-Sep-09,3040.69
23-Sep-09,3040.10
22-Sep-09,3037.87
18-Sep-09,3045.78
17-Sep-09,3064.42
16-Sep-09,3080.00
15-Sep-09,3088.18
14-Sep-09,3093.04
11-Sep-09,3096.15
10-Sep-09,3090.31
09-Sep-09,3114.19
08-Sep-09,3126.61
07-Sep-09,3174.12
04-Sep-09,3185.98
03-Sep-09,3188.87
02-Sep-09,3175.73
01-Sep-09,3126.04
31-Aug-09,3102.68
28-Aug-09,3092.07
27-Aug-09,3099.92
26-Aug-09,3113.87
24-Aug-09,3153.14
21-Aug-09,3179.30
20-Aug-09,3183.71
19-Aug-09,3219.47
17-Aug-09,3234.31
14-Aug-09,3262.92
13-Aug-09,3255.19
11-Aug-09,3261.76
10-Aug-09,3259.46
07-Aug-09,3257.38
06-Aug-09,3237.20
05-Aug-09,3224.32
04-Aug-09,3229.53
31-Jul-09,3273.10
30-Jul-09,3246.09
29-Jul-09,3242.75
28-Jul-09,3266.97
27-Jul-09,3295.47
24-Jul-09,3308.46
23-Jul-09,3317.62
22-Jul-09,3310.34
21-Jul-09,3301.40
20-Jul-09,3302.77
17-Jul-09,3281.02
16-Jul-09,3256.75
15-Jul-09,3220.90
14-Jul-09,3247.39
13-Jul-09,3286.56
10-Jul-09,3296.27
09-Jul-09,3312.64
08-Jul-09,3330.69
07-Jul-09,3359.97
06-Jul-09,3360.72
03-Jul-09,3381.20
02-Jul-09,3357.66
01-Jul-09,3299.69
30-Jun-09,3294.56
29-Jun-09,3278.00
26-Jun-09,3266.45
25-Jun-09,3246.43
24-Jun-09,3239.61
23-Jun-09,3322.17
22-Jun-09,3345.62
19-Jun-09,3279.67
18-Jun-09,3202.18
17-Jun-09,3087.74
16-Jun-09,3052.94
15-Jun-09,3010.17
12-Jun-09,2996.59
11-Jun-09,2959.47
10-Jun-09,2953.14
09-Jun-09,2945.35
08-Jun-09,2927.41
05-Jun-09,2912.10
04-Jun-09,2924.77
03-Jun-09,2890.79
02-Jun-09,2860.37
29-May-09,2852.57
28-May-09,2849.43
27-May-09,2858.42
26-May-09,2871.42
25-May-09,2884.80
22-May-09,2883.07
21-May-09,2877.56
20-May-09,2868.74
19-May-09,2855.82
18-May-09,2840.86
15-May-09,2849.49
14-May-09,2836.16
13-May-09,2839.98
12-May-09,2819.73
11-May-09,2829.98
08-May-09,2809.62
07-May-09,2829.42
06-May-09,2820.58
05-May-09,2822.05
04-May-09,2801.09
30-Apr-09,2800.10
29-Apr-09,2813.02
28-Apr-09,2814.49
27-Apr-09,2815.12
24-Apr-09,2785.89
23-Apr-09,2764.05
22-Apr-09,2740.75
21-Apr-09,2728.04
20-Apr-09,2722.48
17-Apr-09,2714.02
16-Apr-09,2699.42
15-Apr-09,2734.09
14-Apr-09,2739.90
09-Apr-09,2775.78
08-Apr-09,2814.37
07-Apr-09,2821.49
06-Apr-09,2833.14
03-Apr-09,2784.79
02-Apr-09,2808.94
01-Apr-09,2813.99
31-Mar-09,2805.03
30-Mar-09,2754.64
27-Mar-09,2699.92
26-Mar-09,2663.19
25-Mar-09,2619.54
24-Mar-09,2614.00
23-Mar-09,2638.56
20-Mar-09,2646.58
19-Mar-09,2668.11
18-Mar-09,2684.57
17-Mar-09,2715.53
16-Mar-09,2689.19
13-Mar-09,2575.77
12-Mar-09,2453.36
11-Mar-09,2379.86
10-Mar-09,2364.72
09-Mar-09,2361.36
06-Mar-09,2375.01
05-Mar-09,2360.01
04-Mar-09,2363.99
03-Mar-09,2394.33
02-Mar-09,2426.15
27-Feb-09,2474.75
26-Feb-09,2511.47
25-Feb-09,2576.74
24-Feb-09,2600.61
23-Feb-09,2638.31
20-Feb-09,2674.15
19-Feb-09,2714.49
18-Feb-09,2740.95
17-Feb-09,2792.05
16-Feb-09,2820.03
13-Feb-09,2848.24
12-Feb-09,2855.87
11-Feb-09,2862.54
10-Feb-09,2890.20
09-Feb-09,2927.66
06-Feb-09,2932.11
05-Feb-09,2950.25
04-Feb-09,2975.12
03-Feb-09,3046.34
02-Feb-09,3156.64
30-Jan-09,3198.90
29-Jan-09,3262.54
28-Jan-09,3267.60
27-Jan-09,3247.26
26-Jan-09,3269.04
23-Jan-09,3256.38
22-Jan-09,3272.49
21-Jan-09,3282.00
20-Jan-09,3341.09
19-Jan-09,3398.95
16-Jan-09,3427.87
15-Jan-09,3447.45
14-Jan-09,3455.88
13-Jan-09,3483.97
12-Jan-09,3513.09
09-Jan-09,3516.18
08-Jan-09,3546.01
07-Jan-09,3600.68
06-Jan-09,3624.00
05-Jan-09,3611.67
02-Jan-09,3589.16
31-Dec-08,3521.18
30-Dec-08,3459.97
29-Dec-08,3401.09
24-Dec-08,3406.34
23-Dec-08,3381.69
22-Dec-08,3367.24
19-Dec-08,3350.63
18-Dec-08,3367.07
17-Dec-08,3353.50
16-Dec-08,3318.18
15-Dec-08,3291.55
11-Dec-08,3251.03
10-Dec-08,3205.91
09-Dec-08,3196.51
08-Dec-08,3193.06
05-Dec-08,3160.12
04-Dec-08,3162.43
03-Dec-08,3168.05
02-Dec-08,3191.98
01-Dec-08,3309.56
28-Nov-08,3341.47
27-Nov-08,3397.95
26-Nov-08,3429.28
25-Nov-08,3453.65
24-Nov-08,3494.94
21-Nov-08,3527.50
20-Nov-08,3514.30
19-Nov-08,3560.51
18-Nov-08,3604.46
17-Nov-08,3609.99
14-Nov-08,3625.59
13-Nov-08,3662.50
12-Nov-08,3681.47
11-Nov-08,3801.71
10-Nov-08,3848.29
07-Nov-08,3918.78
05-Nov-08,4023.70
04-Nov-08,3753.64
03-Nov-08,3556.03
31-Oct-08,3386.65
30-Oct-08,3175.49
29-Oct-08,3106.14
28-Oct-08,3183.69
27-Oct-08,3297.49
24-Oct-08,3373.87
23-Oct-08,3459.33
22-Oct-08,3563.87
21-Oct-08,3630.03
16-Oct-08,3767.46
15-Oct-08,3794.29
14-Oct-08,3799.81
13-Oct-08,3815.64
09-Oct-08,3882.76
08-Oct-08,3979.12
07-Oct-08,4090.37
06-Oct-08,4161.06
03-Oct-08,4174.84
02-Oct-08,4180.34
30-Sep-08,4180.40
29-Sep-08,4261.38
26-Sep-08,4251.30
25-Sep-08,4266.38
24-Sep-08,4291.08
23-Sep-08,4343.26
22-Sep-08,4349.01
19-Sep-08,4244.83
18-Sep-08,4055.23
17-Sep-08,4004.02
16-Sep-08,4093.82
15-Sep-08,4225.53
12-Sep-08,4294.30
11-Sep-08,4348.61
10-Sep-08,4430.65
09-Sep-08,4481.40
08-Sep-08,4524.93
05-Sep-08,4541.93
04-Sep-08,4564.65
03-Sep-08,4594.35
02-Sep-08,4634.77
01-Sep-08,4622.61
29-Aug-08,4648.78
28-Aug-08,4665.03
27-Aug-08,4684.21
26-Aug-08,4717.55
25-Aug-08,4758.48
22-Aug-08,4774.75
21-Aug-08,4778.15
20-Aug-08,4801.41
19-Aug-08,4790.56
18-Aug-08,4746.80
15-Aug-08,4689.92
14-Aug-08,4609.13
13-Aug-08,4565.86
12-Aug-08,4588.27
11-Aug-08,4650.92
08-Aug-08,4676.90
07-Aug-08,4696.22
06-Aug-08,4719.28
05-Aug-08,4783.25
04-Aug-08,4878.70
01-Aug-08,4849.97
31-Jul-08,4868.27
30-Jul-08,4931.29
29-Jul-08,4993.76
28-Jul-08,5046.94
25-Jul-08,4963.46
24-Jul-08,4967.27
23-Jul-08,4985.82
22-Jul-08,5003.12
21-Jul-08,5011.44
18-Jul-08,5025.84
17-Jul-08,5058.89
16-Jul-08,5057.96
15-Jul-08,5048.59
14-Jul-08,5072.72
11-Jul-08,5081.34
10-Jul-08,5056.42
09-Jul-08,5047.78
08-Jul-08,5053.52
07-Jul-08,5112.16
04-Jul-08,5129.73
03-Jul-08,5158.81
02-Jul-08,5169.19
01-Jul-08,5190.29
30-Jun-08,5185.56
27-Jun-08,5152.03
26-Jun-08,5159.81
25-Jun-08,5180.67
24-Jun-08,5211.55
23-Jun-08,5251.72
20-Jun-08,5271.90
19-Jun-08,5284.08
18-Jun-08,5311.82
17-Jun-08,5307.71
16-Jun-08,5321.69
13-Jun-08,5320.28
12-Jun-08,5328.13
11-Jun-08,5309.08
10-Jun-08,5334.50
09-Jun-08,5445.67
06-Jun-08,5477.70
05-Jun-08,5401.76
04-Jun-08,5341.41
03-Jun-08,5253.53
30-May-08,5175.83
29-May-08,5090.36
28-May-08,5101.04
27-May-08,5094.21
26-May-08,5119.15
23-May-08,5149.46
22-May-08,5159.42
21-May-08,5132.85
20-May-08,5163.87
19-May-08,5153.13
16-May-08,5170.55
15-May-08,5169.22
14-May-08,5199.38
13-May-08,5229.28
12-May-08,5257.86
09-May-08,5274.44
08-May-08,5324.55
07-May-08,5384.81
06-May-08,5356.24
05-May-08,5355.02
02-May-08,5364.72
30-Apr-08,5336.03
29-Apr-08,5255.42
28-Apr-08,5240.39
25-Apr-08,5207.23
24-Apr-08,5184.06
23-Apr-08,5156.53
22-Apr-08,5126.26
21-Apr-08,5126.15
18-Apr-08,5141.62
17-Apr-08,5141.29
16-Apr-08,5107.23
15-Apr-08,5109.94
14-Apr-08,5070.81
11-Apr-08,5021.82
10-Apr-08,5035.08
09-Apr-08,5010.42
08-Apr-08,5015.29
07-Apr-08,4996.14
04-Apr-08,4951.73
03-Apr-08,4892.25
02-Apr-08,4838.08
01-Apr-08,4839.14
31-Mar-08,4843.17
28-Mar-08,4855.36
27-Mar-08,4835.26
26-Mar-08,4851.29
25-Mar-08,4905.77
20-Mar-08,4907.29
19-Mar-08,4809.26
18-Mar-08,4759.77
17-Mar-08,4886.98
14-Mar-08,4959.44
13-Mar-08,5111.01
12-Mar-08,5159.32
11-Mar-08,5205.38
10-Mar-08,5317.34
07-Mar-08,5354.68
06-Mar-08,5405.38
05-Mar-08,5377.60
04-Mar-08,5268.04
03-Mar-08,5142.27
29-Feb-08,5072.41
28-Feb-08,4843.75
27-Feb-08,4858.47
26-Feb-08,4909.76
25-Feb-08,4933.08
22-Feb-08,4924.35
21-Feb-08,4929.78
20-Feb-08,4951.86
19-Feb-08,4932.52
18-Feb-08,4958.80
15-Feb-08,4986.06
14-Feb-08,4996.08
13-Feb-08,4947.54
12-Feb-08,4857.64
11-Feb-08,4784.00
08-Feb-08,4657.60
07-Feb-08,4651.94
06-Feb-08,4637.45
05-Feb-08,4677.47
04-Feb-08,4724.57
01-Feb-08,4795.96
31-Jan-08,4712.71
30-Jan-08,4690.72
29-Jan-08,4576.31
28-Jan-08,4811.79
25-Jan-08,4967.88
24-Jan-08,4912.25
23-Jan-08,4942.30
22-Jan-08,5063.44
18-Jan-08,5098.48
17-Jan-08,5111.74
16-Jan-08,5206.15
15-Jan-08,5124.45
14-Jan-08,5207.16
11-Jan-08,5335.23
10-Jan-08,5341.82
09-Jan-08,5338.77
08-Jan-08,5419.93
07-Jan-08,5180.14
04-Jan-08,5015.50
03-Jan-08,5133.48
02-Jan-08,5167.18
24-Dec-07,5444.83
21-Dec-07,5339.75
20-Dec-07,5287.93
18-Dec-07,5291.69
17-Dec-07,5278.73
14-Dec-07,5339.80
13-Dec-07,5342.96
11-Dec-07,5332.03
10-Dec-07,5269.08
07-Dec-07,5265.15
06-Dec-07,5266.78
05-Dec-07,5246.16
04-Dec-07,5221.96
03-Dec-07,5205.06
30-Nov-07,5234.54
29-Nov-07,5215.36
28-Nov-07,5162.42
27-Nov-07,5222.12
26-Nov-07,5231.27
23-Nov-07,5198.23
22-Nov-07,5217.68
21-Nov-07,5181.29
20-Nov-07,5153.84
19-Nov-07,5156.90
16-Nov-07,5147.62
15-Nov-07,5095.47
14-Nov-07,5087.22
13-Nov-07,5106.23
12-Nov-07,5125.94
09-Nov-07,5124.31
08-Nov-07,5080.63
07-Nov-07,5075.85
06-Nov-07,5063.06
05-Nov-07,5009.87
02-Nov-07,4980.49
01-Nov-07,5003.99
31-Oct-07,4971.04
30-Oct-07,4989.02
29-Oct-07,5005.14
26-Oct-07,5034.55
25-Oct-07,5034.46
24-Oct-07,5087.14
23-Oct-07,5115.51
22-Oct-07,5164.78
19-Oct-07,5175.80
18-Oct-07,5162.14
17-Oct-07,5122.40
16-Oct-07,5069.50
15-Oct-07,4953.31
12-Oct-07,4884.75
11-Oct-07,4835.16
09-Oct-07,4900.89
08-Oct-07,4979.98
05-Oct-07,5005.89
04-Oct-07,5076.04
03-Oct-07,5181.63
02-Oct-07,5200.32
01-Oct-07,5163.11
28-Sep-07,5146.46
27-Sep-07,5176.88
26-Sep-07,5282.77
25-Sep-07,5384.46
24-Sep-07,5448.33
21-Sep-07,5491.27
20-Sep-07,5519.74
19-Sep-07,5488.20
18-Sep-07,5490.99
17-Sep-07,5507.30
14-Sep-07,5484.63
13-Sep-07,5470.14
12-Sep-07,5556.32
11-Sep-07,5611.05
10-Sep-07,5582.38
07-Sep-07,5560.23
06-Sep-07,5458.40
05-Sep-07,5419.63
04-Sep-07,5403.17
03-Sep-07,5387.76
31-Aug-07,5371.72
30-Aug-07,5341.16
29-Aug-07,5334.03
28-Aug-07,5290.38
27-Aug-07,5274.53
24-Aug-07,5234.70
23-Aug-07,5181.75
22-Aug-07,5165.41
21-Aug-07,5156.33
20-Aug-07,5126.68
17-Aug-07,5171.30
16-Aug-07,5120.53
15-Aug-07,5184.29
14-Aug-07,5227.08
13-Aug-07,5256.76
10-Aug-07,5240.83
09-Aug-07,5246.57
08-Aug-07,5256.44
07-Aug-07,5263.46
06-Aug-07,5277.38
03-Aug-07,5320.42
02-Aug-07,5310.05
01-Aug-07,5321.19
31-Jul-07,5340.08
30-Jul-07,5329.56
27-Jul-07,5317.73
26-Jul-07,5296.22
25-Jul-07,5230.04
24-Jul-07,5193.14
23-Jul-07,5154.42
20-Jul-07,5137.51
19-Jul-07,5131.99
18-Jul-07,5123.23
17-Jul-07,5104.13
16-Jul-07,5121.08
13-Jul-07,5117.37
12-Jul-07,5095.68
11-Jul-07,5112.62
10-Jul-07,5120.40
09-Jul-07,5136.53
06-Jul-07,5160.89
04-Jul-07,5181.07
03-Jul-07,5127.16
02-Jul-07,5144.20
29-Jun-07,5146.73
28-Jun-07,5163.88
27-Jun-07,5093.51
26-Jun-07,5080.55
25-Jun-07,5052.08
22-Jun-07,5124.14
21-Jun-07,5144.93
20-Jun-07,5147.85
19-Jun-07,5141.52
18-Jun-07,5163.47
15-Jun-07,5137.45
14-Jun-07,5096.68
13-Jun-07,5089.22
12-Jun-07,5074.08
11-Jun-07,5064.57
08-Jun-07,5068.68
07-Jun-07,5054.35
06-Jun-07,5065.62
05-Jun-07,5063.98
04-Jun-07,5043.35
31-May-07,5001.77
30-May-07,5051.21
29-May-07,5048.23
28-May-07,5118.39
25-May-07,5134.51
24-May-07,5132.74
23-May-07,5108.69
22-May-07,5154.41
21-May-07,5191.53
18-May-07,5167.34
17-May-07,5175.11
16-May-07,5179.21
15-May-07,5169.28
14-May-07,5181.77
11-May-07,5114.17
10-May-07,5071.33
09-May-07,5067.74
08-May-07,5101.43
07-May-07,5091.12
04-May-07,5116.02
03-May-07,5169.53
02-May-07,5151.46
30-Apr-07,5199.44
27-Apr-07,5148.07
26-Apr-07,5211.27
25-Apr-07,5173.33
24-Apr-07,5178.07
23-Apr-07,5105.41
20-Apr-07,5099.00
19-Apr-07,5092.07
18-Apr-07,5085.89
17-Apr-07,5185.67
16-Apr-07,5228.88
13-Apr-07,5242.88
12-Apr-07,5228.75
11-Apr-07,5218.64
10-Apr-07,5227.81
05-Apr-07,5215.20
04-Apr-07,5216.68
03-Apr-07,5183.11
02-Apr-07,5154.76
30-Mar-07,5133.67
29-Mar-07,4978.93
28-Mar-07,4791.22
27-Mar-07,4614.40
26-Mar-07,4489.76
23-Mar-07,4465.09
22-Mar-07,4637.31
21-Mar-07,4809.72
20-Mar-07,4961.89
19-Mar-07,5103.83
16-Mar-07,5171.13
15-Mar-07,5200.75
14-Mar-07,5241.25
13-Mar-07,5250.04
12-Mar-07,5239.01
09-Mar-07,5268.99
08-Mar-07,5256.53
07-Mar-07,5254.52
06-Mar-07,5252.46
05-Mar-07,5292.14
02-Mar-07,5245.62
01-Mar-07,5237.68
28-Feb-07,5387.28
27-Feb-07,5534.20
26-Feb-07,5665.79
23-Feb-07,5732.67
22-Feb-07,5763.85
21-Feb-07,5816.77
20-Feb-07,5771.39
19-Feb-07,5766.46
16-Feb-07,5798.73
15-Feb-07,5773.29
14-Feb-07,5867.03
13-Feb-07,5884.26
12-Feb-07,5895.18
09-Feb-07,5817.04
08-Feb-07,5710.21
07-Feb-07,5649.99
06-Feb-07,5628.88
05-Feb-07,5633.61
02-Feb-07,5663.65
01-Feb-07,5739.05
31-Jan-07,5774.27
30-Jan-07,5870.68
29-Jan-07,5949.71
26-Jan-07,5961.61
25-Jan-07,6010.17
24-Jan-07,6016.47
23-Jan-07,6060.21
22-Jan-07,6027.17
19-Jan-07,6025.41
18-Jan-07,6030.83
17-Jan-07,6041.42
16-Jan-07,6066.66
15-Jan-07,6125.28
12-Jan-07,6161.46
11-Jan-07,6117.35
10-Jan-07,6085.59
09-Jan-07,6026.51
08-Jan-07,5962.46
05-Jan-07,5895.68
04-Jan-07,5811.58
03-Jan-07,5714.18
29-Dec-06,5645.65
28-Dec-06,5560.44
27-Dec-06,5522.81
22-Dec-06,5487.73
21-Dec-06,5509.97
20-Dec-06,5525.40
19-Dec-06,5572.10
18-Dec-06,5624.84
15-Dec-06,5589.64
14-Dec-06,5582.42
13-Dec-06,5525.38
11-Dec-06,5516.98
08-Dec-06,5477.86
07-Dec-06,5481.28
06-Dec-06,5429.02
05-Dec-06,5417.50
04-Dec-06,5490.20
01-Dec-06,5553.08
30-Nov-06,5615.20
29-Nov-06,5656.67
28-Nov-06,5762.20
27-Nov-06,5791.00
24-Nov-06,5752.57
23-Nov-06,5676.52
22-Nov-06,5665.07
21-Nov-06,5667.30
20-Nov-06,5676.05
17-Nov-06,5642.04
16-Nov-06,5602.40
15-Nov-06,5603.03
14-Nov-06,5585.81
13-Nov-06,5608.25
10-Nov-06,5654.46
09-Nov-06,5656.18
08-Nov-06,5638.00
07-Nov-06,5604.48
06-Nov-06,5555.23
03-Nov-06,5515.34
02-Nov-06,5529.50
01-Nov-06,5403.96
31-Oct-06,5314.36
30-Oct-06,5177.90
27-Oct-06,5106.65
26-Oct-06,5061.77
25-Oct-06,4963.22
23-Oct-06,4910.60
19-Oct-06,4864.02
18-Oct-06,4875.58
17-Oct-06,4851.97
16-Oct-06,4857.58
13-Oct-06,4906.49
12-Oct-06,4882.14
11-Oct-06,4893.03
09-Oct-06,4889.68
06-Oct-06,4903.90
05-Oct-06,4946.12
04-Oct-06,4937.20
03-Oct-06,4910.61
02-Oct-06,4843.23
29-Sep-06,4879.86
28-Sep-06,4881.10
27-Sep-06,4829.04
26-Sep-06,4781.37
25-Sep-06,4728.12
22-Sep-06,4778.35
21-Sep-06,4769.13
20-Sep-06,4876.13
19-Sep-06,4871.76
18-Sep-06,4839.24
15-Sep-06,4750.80
14-Sep-06,4684.57
13-Sep-06,4645.56
12-Sep-06,4601.22
11-Sep-06,4585.94
08-Sep-06,4523.80
07-Sep-06,4508.02
06-Sep-06,4507.99
05-Sep-06,4496.47
04-Sep-06,4481.70
01-Sep-06,4490.84
31-Aug-06,4486.07
30-Aug-06,4507.15
29-Aug-06,4489.60
28-Aug-06,4476.07
25-Aug-06,4469.60
24-Aug-06,4488.56
23-Aug-06,4467.36
22-Aug-06,4442.50
21-Aug-06,4467.40
18-Aug-06,4451.08
17-Aug-06,4424.17
16-Aug-06,4423.60
15-Aug-06,4429.49
14-Aug-06,4414.88
11-Aug-06,4407.54
10-Aug-06,4396.61
09-Aug-06,4396.09
08-Aug-06,4390.95
07-Aug-06,4384.35
04-Aug-06,4340.88
03-Aug-06,4314.44
02-Aug-06,4277.30
01-Aug-06,4242.50
31-Jul-06,4258.54
28-Jul-06,4271.68
27-Jul-06,4260.64
26-Jul-06,4268.00
25-Jul-06,4251.37
24-Jul-06,4245.29
21-Jul-06,4244.16
20-Jul-06,4242.51
19-Jul-06,4246.44
18-Jul-06,4246.38
17-Jul-06,4271.37
14-Jul-06,4272.50
13-Jul-06,4276.43
12-Jul-06,4271.10
11-Jul-06,4278.18
10-Jul-06,4271.99
07-Jul-06,4271.72
06-Jul-06,4246.38
05-Jul-06,4274.25
04-Jul-06,4263.59
03-Jul-06,4273.17
30-Jun-06,4260.49
29-Jun-06,4239.96
28-Jun-06,4250.20
27-Jun-06,4218.10
26-Jun-06,4227.16
23-Jun-06,4246.80
22-Jun-06,4286.30
21-Jun-06,4285.23
20-Jun-06,4284.19
19-Jun-06,4288.31
16-Jun-06,4272.43
15-Jun-06,4264.53
14-Jun-06,4216.79
13-Jun-06,4214.38
12-Jun-06,4194.59
09-Jun-06,4189.66
08-Jun-06,4204.34
07-Jun-06,4221.57
06-Jun-06,4280.96
05-Jun-06,4294.44
02-Jun-06,4339.47
31-May-06,4349.75
30-May-06,4365.90
29-May-06,4358.75
26-May-06,4338.42
25-May-06,4322.91
24-May-06,4363.97
23-May-06,4383.83
22-May-06,4389.69
19-May-06,4411.81
18-May-06,4441.54
17-May-06,4447.99
16-May-06,4451.41
15-May-06,4393.17
12-May-06,4316.72
11-May-06,4292.36
10-May-06,4278.55
09-May-06,4220.52
08-May-06,4190.32
05-May-06,4149.14
04-May-06,4114.41
03-May-06,4076.97
02-May-06,4040.05
28-Apr-06,4025.21
27-Apr-06,4004.48
26-Apr-06,3991.26
25-Apr-06,3986.74
24-Apr-06,3968.63
20-Apr-06,3960.19
19-Apr-06,3974.64
18-Apr-06,3995.83
13-Apr-06,3973.79
12-Apr-06,3976.32
11-Apr-06,3984.82
10-Apr-06,4000.41
07-Apr-06,4025.30
06-Apr-06,4048.36
05-Apr-06,4056.65
04-Apr-06,4086.27
03-Apr-06,4092.48
31-Mar-06,4101.64
30-Mar-06,4115.30
29-Mar-06,4115.90
28-Mar-06,4102.61
27-Mar-06,4085.61
24-Mar-06,4067.41
23-Mar-06,4038.55
22-Mar-06,4005.35
21-Mar-06,3973.75
20-Mar-06,3973.11
17-Mar-06,3955.42
16-Mar-06,3867.70
15-Mar-06,3916.25
14-Mar-06,3887.59
13-Mar-06,3863.74
10-Mar-06,3872.21
09-Mar-06,3878.88
08-Mar-06,3916.55
07-Mar-06,3989.76
06-Mar-06,4023.34
03-Mar-06,4055.78
02-Mar-06,4043.92
01-Mar-06,4045.13
28-Feb-06,4056.63
27-Feb-06,4050.14
24-Feb-06,4062.56
23-Feb-06,4069.16
22-Feb-06,4068.29
21-Feb-06,4068.81
20-Feb-06,4093.45
17-Feb-06,4071.00
16-Feb-06,4092.07
15-Feb-06,4088.26
14-Feb-06,4089.44
13-Feb-06,4101.26
10-Feb-06,4100.22
09-Feb-06,4119.25
08-Feb-06,4131.78
07-Feb-06,4137.82
06-Feb-06,4156.36
03-Feb-06,4163.64
02-Feb-06,4159.17
01-Feb-06,4167.14
31-Jan-06,4171.80
30-Jan-06,4169.99
27-Jan-06,4173.50
26-Jan-06,4159.16
25-Jan-06,4196.48
24-Jan-06,4183.91
23-Jan-06,4194.02
20-Jan-06,4199.53
19-Jan-06,4204.68
18-Jan-06,4217.37
17-Jan-06,4205.72
16-Jan-06,4177.24
13-Jan-06,4140.66
12-Jan-06,4125.40
11-Jan-06,4101.76
10-Jan-06,4072.46
09-Jan-06,4074.71
06-Jan-06,4030.97
05-Jan-06,4014.89
04-Jan-06,4011.80
03-Jan-06,3991.18
30-Dec-05,3973.04
29-Dec-05,3969.40
28-Dec-05,3979.61
27-Dec-05,3968.97
23-Dec-05,3953.01
22-Dec-05,3949.94
21-Dec-05,3957.08
20-Dec-05,3958.01
19-Dec-05,3963.63
16-Dec-05,3963.26
15-Dec-05,3944.50
14-Dec-05,3949.97
13-Dec-05,3961.41
09-Dec-05,3972.82
08-Dec-05,4004.68
07-Dec-05,3986.27
06-Dec-05,3989.73
05-Dec-05,4001.44
02-Dec-05,4022.02
01-Dec-05,3997.56
30-Nov-05,3974.12
29-Nov-05,3968.33
28-Nov-05,3954.72
25-Nov-05,3955.38
24-Nov-05,3969.76
23-Nov-05,3964.28
18-Nov-05,3951.59
17-Nov-05,3946.41
16-Nov-05,3928.79
15-Nov-05,3938.06
14-Nov-05,3930.18
11-Nov-05,3928.16
10-Nov-05,3912.15
09-Nov-05,3917.04
08-Nov-05,3915.45
07-Nov-05,3898.89
03-Nov-05,3880.88
02-Nov-05,3893.23
01-Nov-05,3906.04
31-Oct-05,3939.45
28-Oct-05,3976.62
27-Oct-05,3964.10
26-Oct-05,3987.52
25-Oct-05,4000.86
24-Oct-05,4006.61
21-Oct-05,4008.76
19-Oct-05,4001.76
18-Oct-05,3979.95
17-Oct-05,3957.38
14-Oct-05,3921.40
13-Oct-05,3908.63
12-Oct-05,3879.72
11-Oct-05,3846.16
07-Oct-05,3843.49
06-Oct-05,3840.40
05-Oct-05,3842.16
04-Oct-05,3868.87
03-Oct-05,3831.01
30-Sep-05,3832.69
29-Sep-05,3831.41
28-Sep-05,3820.48
27-Sep-05,3816.37
26-Sep-05,3801.74
23-Sep-05,3791.57
22-Sep-05,3797.74
21-Sep-05,3781.03
20-Sep-05,3781.75
19-Sep-05,3791.59
16-Sep-05,3801.87
15-Sep-05,3819.56
14-Sep-05,3786.10
13-Sep-05,3806.32
12-Sep-05,3833.60
09-Sep-05,3847.17
08-Sep-05,3845.97
07-Sep-05,3845.93
06-Sep-05,3875.43
05-Sep-05,3885.88
02-Sep-05,3884.63
01-Sep-05,3924.11
31-Aug-05,3938.70
30-Aug-05,3939.66
29-Aug-05,3949.74
26-Aug-05,3980.37
25-Aug-05,3992.57
24-Aug-05,4017.89
23-Aug-05,4025.14
22-Aug-05,4034.37
19-Aug-05,4047.26
18-Aug-05,4045.20
17-Aug-05,4048.12
16-Aug-05,4035.72
15-Aug-05,4016.32
12-Aug-05,4012.42
11-Aug-05,4035.46
10-Aug-05,4028.45
09-Aug-05,4057.52
08-Aug-05,4059.94
05-Aug-05,4049.95
04-Aug-05,4034.22
03-Aug-05,4030.68
02-Aug-05,4016.74
01-Aug-05,3986.10
29-Jul-05,3982.00
28-Jul-05,3989.74
27-Jul-05,3964.50
26-Jul-05,3953.92
25-Jul-05,3964.78
22-Jul-05,3987.04
21-Jul-05,3985.44
20-Jul-05,4068.23
19-Jul-05,4073.09
18-Jul-05,4130.65
15-Jul-05,4142.80
14-Jul-05,4246.36
13-Jul-05,4280.80
12-Jul-05,4253.32
11-Jul-05,4208.99
08-Jul-05,4203.51
07-Jul-05,4149.22
06-Jul-05,4117.22
05-Jul-05,4071.66
04-Jul-05,4039.17
01-Jul-05,4006.27
30-Jun-05,3972.15
29-Jun-05,3937.03
28-Jun-05,3911.20
27-Jun-05,3881.94
24-Jun-05,3860.83
23-Jun-05,3858.11
22-Jun-05,3831.69
21-Jun-05,3828.90
20-Jun-05,3789.13
17-Jun-05,3780.08
16-Jun-05,3759.72
15-Jun-05,3751.18
14-Jun-05,3744.57
13-Jun-05,3731.45
10-Jun-05,3716.90
09-Jun-05,3657.94
08-Jun-05,3612.02
07-Jun-05,3544.68
06-Jun-05,3532.14
03-Jun-05,3506.05
02-Jun-05,3500.04
31-May-05,3505.39
30-May-05,3492.96
27-May-05,3492.58
26-May-05,3460.17
25-May-05,3418.16
24-May-05,3383.76
23-May-05,3346.64
20-May-05,3353.51
19-May-05,3322.99
18-May-05,3320.71
17-May-05,3267.96
16-May-05,3291.93
13-May-05,3292.75
12-May-05,3271.01
11-May-05,3266.55
10-May-05,3258.08
09-May-05,3253.02
06-May-05,3242.89
05-May-05,3253.17
04-May-05,3233.70
03-May-05,3228.14
29-Apr-05,3227.59
28-Apr-05,3217.01
27-Apr-05,3206.43
26-Apr-05,3204.47
25-Apr-05,3178.67
22-Apr-05,3165.19
21-Apr-05,3164.35
20-Apr-05,3145.29
19-Apr-05,3138.94
18-Apr-05,3137.01
15-Apr-05,3138.17
14-Apr-05,3138.64
13-Apr-05,3145.80
12-Apr-05,3137.24
11-Apr-05,3159.03
08-Apr-05,3163.95
07-Apr-05,3163.26
06-Apr-05,3150.81
05-Apr-05,3141.19
04-Apr-05,3148.50
01-Apr-05,3139.54
31-Mar-05,3126.07
30-Mar-05,3128.40
29-Mar-05,3137.85
24-Mar-05,3155.01
23-Mar-05,3148.87
22-Mar-05,3149.34
21-Mar-05,3154.25
18-Mar-05,3170.25
17-Mar-05,3168.10
16-Mar-05,3179.20
15-Mar-05,3183.82
14-Mar-05,3189.83
11-Mar-05,3212.65
10-Mar-05,3224.00
09-Mar-05,3206.67
08-Mar-05,3187.83
07-Mar-05,3186.81
04-Mar-05,3208.66
03-Mar-05,3204.64
02-Mar-05,3185.68
01-Mar-05,3209.70
28-Feb-05,3212.81
25-Feb-05,3219.37
24-Feb-05,3213.28
23-Feb-05,3203.34
22-Feb-05,3207.73
21-Feb-05,3187.01
18-Feb-05,3191.78
17-Feb-05,3203.19
16-Feb-05,3210.45
15-Feb-05,3209.01
14-Feb-05,3211.76
11-Feb-05,3198.06
10-Feb-05,3198.23
09-Feb-05,3184.99
08-Feb-05,3194.21
07-Feb-05,3181.29
04-Feb-05,3167.79
03-Feb-05,3137.04
02-Feb-05,3132.43
01-Feb-05,3128.60
31-Jan-05,3094.38
28-Jan-05,3092.24
27-Jan-05,3098.74
26-Jan-05,3092.82
25-Jan-05,3091.19
24-Jan-05,3091.35
21-Jan-05,3078.93
20-Jan-05,3085.56
19-Jan-05,3073.82
18-Jan-05,3083.38
17-Jan-05,3092.89
14-Jan-05,3102.16
13-Jan-05,3082.52
12-Jan-05,3065.05
11-Jan-05,3049.92
10-Jan-05,3018.55
07-Jan-05,3007.94
06-Jan-05,2981.10
05-Jan-05,2991.32
04-Jan-05,2980.48
03-Jan-05,2955.99
31-Dec-04,2945.58
30-Dec-04,2928.35
29-Dec-04,2907.45
28-Dec-04,2923.81
24-Dec-04,2923.86
23-Dec-04,2920.79
22-Dec-04,2942.06
21-Dec-04,2944.48
20-Dec-04,2962.24
17-Dec-04,2979.13
16-Dec-04,3006.68
15-Dec-04,3027.77
14-Dec-04,3017.87
10-Dec-04,2999.54
09-Dec-04,2986.98
08-Dec-04,2984.60
07-Dec-04,2983.29
06-Dec-04,2978.30
03-Dec-04,2954.09
02-Dec-04,2967.46
01-Dec-04,2948.01
30-Nov-04,2918.34
29-Nov-04,2910.28
26-Nov-04,2921.53
25-Nov-04,2900.82
24-Nov-04,2892.33
23-Nov-04,2885.95
22-Nov-04,2887.35
19-Nov-04,2885.16
18-Nov-04,2881.00
17-Nov-04,2881.76
16-Nov-04,2883.07
12-Nov-04,2868.26
11-Nov-04,2852.89
10-Nov-04,2849.72
09-Nov-04,2841.61
08-Nov-04,2827.00
05-Nov-04,2837.70
04-Nov-04,2837.70
03-Nov-04,2848.06
02-Nov-04,2853.70
01-Nov-04,2847.64
29-Oct-04,2829.65
28-Oct-04,2834.62
27-Oct-04,2802.37
26-Oct-04,2804.89
25-Oct-04,2792.80
22-Oct-04,2778.29
21-Oct-04,2764.10
19-Oct-04,2731.07
18-Oct-04,2740.16
15-Oct-04,2745.83
14-Oct-04,2724.13
13-Oct-04,2712.97
12-Oct-04,2712.97
08-Oct-04,2673.54
07-Oct-04,2671.33
06-Oct-04,2664.60
05-Oct-04,2650.07
04-Oct-04,2647.39
01-Oct-04,2648.71
30-Sep-04,2670.69
29-Sep-04,2660.19
28-Sep-04,2642.68
27-Sep-04,2652.27
24-Sep-04,2650.20
23-Sep-04,2641.31
22-Sep-04,2643.76
21-Sep-04,2648.11
20-Sep-04,2645.73
17-Sep-04,2652.64
16-Sep-04,2652.05
15-Sep-04,2665.45
14-Sep-04,2671.89
13-Sep-04,2689.60
10-Sep-04,2704.15
09-Sep-04,2708.22
08-Sep-04,2711.72
07-Sep-04,2699.99
06-Sep-04,2713.44
03-Sep-04,2710.73
02-Sep-04,2710.78
01-Sep-04,2717.51
31-Aug-04,2708.86
30-Aug-04,2711.53
27-Aug-04,2712.65
26-Aug-04,2698.85
25-Aug-04,2688.51
24-Aug-04,2678.45
23-Aug-04,2682.03
20-Aug-04,2700.15
19-Aug-04,2716.45
18-Aug-04,2724.16
17-Aug-04,2703.17
16-Aug-04,2707.53
13-Aug-04,2715.34
12-Aug-04,2730.29
11-Aug-04,2735.62
10-Aug-04,2746.29
09-Aug-04,2754.39
06-Aug-04,2757.28
05-Aug-04,2749.48
04-Aug-04,2733.17
03-Aug-04,2720.09
02-Aug-04,2697.14
30-Jul-04,2708.03
29-Jul-04,2671.30
28-Jul-04,2658.53
27-Jul-04,2636.35
26-Jul-04,2635.06
23-Jul-04,2614.95
22-Jul-04,2640.84
21-Jul-04,2657.41
20-Jul-04,2655.60
19-Jul-04,2670.32
16-Jul-04,2674.56
15-Jul-04,2686.14
14-Jul-04,2689.32
13-Jul-04,2680.08
12-Jul-04,2676.62
09-Jul-04,2657.76
08-Jul-04,2648.90
07-Jul-04,2638.97
06-Jul-04,2631.63
05-Jul-04,2632.14
02-Jul-04,2634.67
01-Jul-04,2633.88
30-Jun-04,2639.75
29-Jun-04,2639.95
28-Jun-04,2647.27
25-Jun-04,2669.34
24-Jun-04,2667.40
23-Jun-04,2682.83
22-Jun-04,2682.83
21-Jun-04,2693.71
18-Jun-04,2686.99
17-Jun-04,2686.50
16-Jun-04,2695.18
15-Jun-04,2688.83
14-Jun-04,2648.18
11-Jun-04,2639.83
10-Jun-04,2648.76
09-Jun-04,2649.06
08-Jun-04,2653.02
07-Jun-04,2647.13
04-Jun-04,2662.49
03-Jun-04,2681.15
02-Jun-04,2689.12
31-May-04,2689.14
28-May-04,2680.75
27-May-04,2667.73
26-May-04,2607.80
25-May-04,2586.29
24-May-04,2585.98
21-May-04,2567.69
20-May-04,2593.99
19-May-04,2621.22
18-May-04,2638.86
17-May-04,2637.69
14-May-04,2644.80
13-May-04,2666.10
12-May-04,2679.62
11-May-04,2674.23
10-May-04,2629.29
07-May-04,2626.12
06-May-04,2650.67
05-May-04,2665.40
04-May-04,2682.44
03-May-04,2695.24
30-Apr-04,2707.60
29-Apr-04,2704.81
28-Apr-04,2720.76
27-Apr-04,2725.34
26-Apr-04,2735.18
23-Apr-04,2747.52
22-Apr-04,2755.23
21-Apr-04,2758.22
20-Apr-04,2742.33
19-Apr-04,2734.68
16-Apr-04,2727.73
15-Apr-04,2693.88
14-Apr-04,2668.22
13-Apr-04,2595.04
08-Apr-04,2581.46
07-Apr-04,2576.23
06-Apr-04,2600.26
05-Apr-04,2673.84
02-Apr-04,2673.84
01-Apr-04,2721.33
31-Mar-04,2770.60
30-Mar-04,2793.20
29-Mar-04,2820.05
26-Mar-04,2849.55
25-Mar-04,2865.81
24-Mar-04,2887.58
23-Mar-04,2923.34
22-Mar-04,2937.16
19-Mar-04,2939.31
18-Mar-04,2944.21
17-Mar-04,2982.90
16-Mar-04,2987.05
15-Mar-04,3006.47
12-Mar-04,3074.07
11-Mar-04,3089.89
10-Mar-04,3134.90
09-Mar-04,3153.47
08-Mar-04,3183.95
05-Mar-04,3155.45
04-Mar-04,3129.18
03-Mar-04,3102.65
02-Mar-04,3178.82
01-Mar-04,3173.90
27-Feb-04,3175.36
26-Feb-04,3152.06
25-Feb-04,3157.64
24-Feb-04,3157.10
23-Feb-04,3161.81
20-Feb-04,3125.57
19-Feb-04,3131.70
18-Feb-04,3162.81
17-Feb-04,3153.42
16-Feb-04,3177.83
13-Feb-04,3175.80
12-Feb-04,3144.65
11-Feb-04,3166.09
10-Feb-04,3149.03
09-Feb-04,3145.82
06-Feb-04,3138.37
05-Feb-04,3100.67
04-Feb-04,3090.29
03-Feb-04,3107.34
02-Feb-04,3136.14
30-Jan-04,3157.88
29-Jan-04,3183.10
28-Jan-04,3159.28
27-Jan-04,3040.33
26-Jan-04,2957.45
23-Jan-04,2893.12
22-Jan-04,2860.23
21-Jan-04,2857.59
20-Jan-04,2877.93
19-Jan-04,2873.43
16-Jan-04,2834.60
15-Jan-04,2818.29
14-Jan-04,2803.74
13-Jan-04,2797.77
12-Jan-04,2802.82
09-Jan-04,2788.98
08-Jan-04,2762.47
07-Jan-04,2743.87
06-Jan-04,2745.73
05-Jan-04,2739.46
02-Jan-04,2753.33
31-Dec-03,2737.59
30-Dec-03,2742.30
29-Dec-03,2735.24
24-Dec-03,2705.46
23-Dec-03,2683.47
22-Dec-03,2677.93
19-Dec-03,2674.20
18-Dec-03,2661.95
17-Dec-03,2649.90
16-Dec-03,2619.81
15-Dec-03,2601.27
11-Dec-03,2635.03
10-Dec-03,2673.52
09-Dec-03,2707.03
08-Dec-03,2718.08
05-Dec-03,2733.53
04-Dec-03,2777.30
03-Dec-03,2788.83
02-Dec-03,2756.64
01-Dec-03,2743.03
28-Nov-03,2736.98
27-Nov-03,2731.05
25-Nov-03,2661.19
24-Nov-03,2554.89
21-Nov-03,2502.97
20-Nov-03,2481.74
19-Nov-03,2457.96
18-Nov-03,2462.30
17-Nov-03,2459.85
14-Nov-03,2458.21
13-Nov-03,2452.54
12-Nov-03,2462.53
11-Nov-03,2464.32
10-Nov-03,2451.87
07-Nov-03,2455.39
06-Nov-03,2446.45
05-Nov-03,2447.94
04-Nov-03,2445.15
03-Nov-03,2450.45
31-Oct-03,2457.21
30-Oct-03,2454.13
29-Oct-03,2471.24
28-Oct-03,2476.16
27-Oct-03,2469.60
24-Oct-03,2470.67
23-Oct-03,2461.94
22-Oct-03,2451.09
21-Oct-03,2451.73
17-Oct-03,2445.39
16-Oct-03,2416.65
15-Oct-03,2404.07
14-Oct-03,2392.38
13-Oct-03,2392.74
09-Oct-03,2384.38
08-Oct-03,2415.35
07-Oct-03,2413.38
06-Oct-03,2405.32
03-Oct-03,2398.22
02-Oct-03,2387.46
01-Oct-03,2396.79
30-Sep-03,2379.91
29-Sep-03,2363.74
26-Sep-03,2328.05
25-Sep-03,2293.56
24-Sep-03,2289.73
23-Sep-03,2268.08
22-Sep-03,2249.45
19-Sep-03,2218.03
18-Sep-03,2192.25
17-Sep-03,2182.10
16-Sep-03,2185.03
15-Sep-03,2187.23
12-Sep-03,2169.17
11-Sep-03,2157.97
10-Sep-03,2181.90
09-Sep-03,2161.06
08-Sep-03,2144.05
05-Sep-03,2139.70
04-Sep-03,2115.32
03-Sep-03,2102.29
02-Sep-03,2098.20
01-Sep-03,2070.66
29-Aug-03,2107.43
28-Aug-03,2124.39
27-Aug-03,2094.63
26-Aug-03,2066.73
25-Aug-03,2056.73
22-Aug-03,2047.58
21-Aug-03,2041.12
20-Aug-03,2049.35
19-Aug-03,2043.03
18-Aug-03,2045.36
15-Aug-03,2048.81
14-Aug-03,2048.42
13-Aug-03,2036.97
12-Aug-03,2029.09
11-Aug-03,2019.42
08-Aug-03,2027.54
07-Aug-03,2043.09
06-Aug-03,2009.05
05-Aug-03,2003.36
04-Aug-03,1998.46
01-Aug-03,2000.98
31-Jul-03,2005.08
30-Jul-03,1982.71
29-Jul-03,1981.67
28-Jul-03,1978.87
25-Jul-03,1963.21
24-Jul-03,1948.48
23-Jul-03,1936.85
22-Jul-03,1938.14
21-Jul-03,1939.60
18-Jul-03,1934.14
17-Jul-03,1944.44
16-Jul-03,1957.04
15-Jul-03,1929.42
14-Jul-03,1933.66
11-Jul-03,1938.22
10-Jul-03,1940.57
09-Jul-03,1934.15
08-Jul-03,1928.51
07-Jul-03,1917.10
04-Jul-03,1920.52
03-Jul-03,1930.77
02-Jul-03,1934.46
01-Jul-03,1929.44
30-Jun-03,1934.96
27-Jun-03,1948.73
26-Jun-03,1966.38
25-Jun-03,1956.79
24-Jun-03,1979.18
23-Jun-03,1979.18
20-Jun-03,1959.60
19-Jun-03,1953.15
18-Jun-03,1961.37
17-Jun-03,1961.03
16-Jun-03,2007.51
13-Jun-03,2015.34
12-Jun-03,2024.68
11-Jun-03,2003.38
10-Jun-03,2021.82
09-Jun-03,2027.48
06-Jun-03,2016.87
05-Jun-03,2015.22
04-Jun-03,2018.84
03-Jun-03,2041.60
30-May-03,2074.67
29-May-03,2049.89
28-May-03,2016.08
27-May-03,2040.83
26-May-03,2056.39
23-May-03,2083.21
22-May-03,2093.51
21-May-03,2068.74
20-May-03,2039.73
19-May-03,2057.61
16-May-03,2119.13
15-May-03,2179.16
14-May-03,2243.41
13-May-03,2270.95
12-May-03,2240.29
09-May-03,2187.48
08-May-03,2101.16
07-May-03,2005.74
06-May-03,1980.96
05-May-03,1917.72
02-May-03,1886.36
30-Apr-03,1846.63
29-Apr-03,1808.14
28-Apr-03,1787.21
25-Apr-03,1766.48
24-Apr-03,1763.43
23-Apr-03,1751.39
22-Apr-03,1727.73
17-Apr-03,1705.13
16-Apr-03,1692.09
15-Apr-03,1680.14
14-Apr-03,1656.39
11-Apr-03,1653.66
10-Apr-03,1635.08
09-Apr-03,1626.42
08-Apr-03,1624.99
07-Apr-03,1623.01
04-Apr-03,1617.35
03-Apr-03,1620.71
02-Apr-03,1617.27
01-Apr-03,1618.44
31-Mar-03,1608.34
28-Mar-03,1598.81
27-Mar-03,1600.46
26-Mar-03,1607.09
25-Mar-03,1614.42
24-Mar-03,1608.26
21-Mar-03,1564.20
20-Mar-03,1565.47
19-Mar-03,1566.96
18-Mar-03,1560.29
17-Mar-03,1559.28
14-Mar-03,1542.73
13-Mar-03,1601.25
12-Mar-03,1601.57
11-Mar-03,1600.73
10-Mar-03,1569.03
07-Mar-03,1549.68
06-Mar-03,1546.73
05-Mar-03,1550.80
04-Mar-03,1538.27
03-Mar-03,1540.84
28-Feb-03,1557.74
27-Feb-03,1537.42
26-Feb-03,1534.46
25-Feb-03,1510.85
24-Feb-03,1517.16
21-Feb-03,1507.96
20-Feb-03,1510.07
19-Feb-03,1510.95
18-Feb-03,1518.86
17-Feb-03,1519.69
14-Feb-03,1520.16
13-Feb-03,1519.94
12-Feb-03,1527.96
11-Feb-03,1537.67
10-Feb-03,1536.75
07-Feb-03,1536.75
06-Feb-03,1528.68
05-Feb-03,1530.93
04-Feb-03,1522.99
03-Feb-03,1511.59
31-Jan-03,1510.63
30-Jan-03,1568.62
29-Jan-03,1565.07
28-Jan-03,1559.79
27-Jan-03,1560.51
24-Jan-03,1554.07
23-Jan-03,1551.63
22-Jan-03,1546.19
21-Jan-03,1518.92
20-Jan-03,1507.11
17-Jan-03,1488.59
16-Jan-03,1509.43
15-Jan-03,1550.88
14-Jan-03,1551.06
13-Jan-03,1578.21
10-Jan-03,1572.12
09-Jan-03,1565.84
08-Jan-03,1538.12
07-Jan-03,1504.20
06-Jan-03,1446.75
03-Jan-03,1384.98
31-Dec-02,1362.85
30-Dec-02,1317.45
24-Dec-02,1298.86
23-Dec-02,1298.50
20-Dec-02,1279.09
19-Dec-02,1270.67
18-Dec-02,1270.95
17-Dec-02,1256.53
16-Dec-02,1242.98
13-Dec-02,1225.95
11-Dec-02,1199.87
10-Dec-02,1178.70
09-Dec-02,1165.92
05-Dec-02,1167.18
04-Dec-02,1162.93
03-Dec-02,1159.71
02-Dec-02,1156.59
29-Nov-02,1161.12
28-Nov-02,1148.33
27-Nov-02,1141.62
26-Nov-02,1149.67
25-Nov-02,1153.61
22-Nov-02,1166.01
21-Nov-02,1175.19
20-Nov-02,1187.46
19-Nov-02,1199.45
18-Nov-02,1219.36
15-Nov-02,1239.36
14-Nov-02,1249.25
13-Nov-02,1234.87
12-Nov-02,1230.73
11-Nov-02,1220.79
08-Nov-02,1197.86
07-Nov-02,1180.15
06-Nov-02,1171.67
05-Nov-02,1149.46
04-Nov-02,1134.49
01-Nov-02,1118.44
31-Oct-02,1116.36
30-Oct-02,1087.50
29-Oct-02,1075.66
28-Oct-02,1072.34
25-Oct-02,1064.86
24-Oct-02,1061.07
23-Oct-02,1056.80
22-Oct-02,1053.51
18-Oct-02,1053.78
17-Oct-02,1053.64
16-Oct-02,1047.53
15-Oct-02,1041.76
14-Oct-02,1039.82
11-Oct-02,1032.75
09-Oct-02,1031.69
08-Oct-02,1032.92
07-Oct-02,1030.23
04-Oct-02,1025.61
03-Oct-02,1028.07
02-Oct-02,1031.10
01-Oct-02,1032.29
30-Sep-02,1043.40
27-Sep-02,1043.08
26-Sep-02,1034.60
25-Sep-02,1031.50
24-Sep-02,1027.79
23-Sep-02,1021.98
20-Sep-02,1021.95
19-Sep-02,1010.17
18-Sep-02,1004.70
17-Sep-02,1010.77
16-Sep-02,1010.69
13-Sep-02,1008.79
12-Sep-02,1018.91
11-Sep-02,1017.27
10-Sep-02,1026.49
09-Sep-02,1033.00
06-Sep-02,1036.74
05-Sep-02,1042.38
04-Sep-02,1045.82
03-Sep-02,1043.27
02-Sep-02,1047.41
30-Aug-02,1043.38
29-Aug-02,1036.88
28-Aug-02,1043.82
27-Aug-02,1044.16
26-Aug-02,1047.08
23-Aug-02,1047.87
22-Aug-02,1054.68
21-Aug-02,1059.93
20-Aug-02,1062.14
19-Aug-02,1065.03
16-Aug-02,1066.08
15-Aug-02,1065.56
14-Aug-02,1062.03
13-Aug-02,1062.98
12-Aug-02,1067.12
09-Aug-02,1070.38
08-Aug-02,1074.69
07-Aug-02,1079.89
06-Aug-02,1080.51
05-Aug-02,1079.15
02-Aug-02,1080.12
01-Aug-02,1086.18
31-Jul-02,1097.73
30-Jul-02,1096.82
29-Jul-02,1103.51
26-Jul-02,1103.44
25-Jul-02,1104.67
24-Jul-02,1111.46
23-Jul-02,1114.43
22-Jul-02,1111.91
19-Jul-02,1111.50
18-Jul-02,1112.35
17-Jul-02,1110.69
16-Jul-02,1110.61
15-Jul-02,1099.50
12-Jul-02,1094.86
11-Jul-02,1091.66
10-Jul-02,1088.07
09-Jul-02,1089.82
08-Jul-02,1075.41
05-Jul-02,1079.27
04-Jul-02,1087.03
03-Jul-02,1090.15
02-Jul-02,1090.68
01-Jul-02,1089.51
28-Jun-02,1086.62
27-Jun-02,1080.95
26-Jun-02,1079.90
25-Jun-02,1080.60
24-Jun-02,1074.73
21-Jun-02,1075.77
20-Jun-02,1080.80
19-Jun-02,1077.96
18-Jun-02,1079.11
17-Jun-02,1080.24
14-Jun-02,1079.20
13-Jun-02,1083.47
12-Jun-02,1083.32
11-Jun-02,1074.73
10-Jun-02,1072.18
07-Jun-02,1071.45
06-Jun-02,1071.52
05-Jun-02,1068.94
04-Jun-02,1069.49
03-Jun-02,1072.52
31-May-02,1071.07
30-May-02,1061.77
29-May-02,1060.40
28-May-02,1057.34
27-May-02,1055.41
24-May-02,1064.24
23-May-02,1080.06
22-May-02,1080.64
21-May-02,1109.66
20-May-02,1111.44
17-May-02,1122.64
16-May-02,1119.04
15-May-02,1120.47
14-May-02,1123.98
13-May-02,1124.52
10-May-02,1124.82
09-May-02,1125.65
08-May-02,1131.90
07-May-02,1133.31
06-May-02,1133.90
03-May-02,1124.54
02-May-02,1124.04
30-Apr-02,1129.33
29-Apr-02,1129.29
26-Apr-02,1129.01
25-Apr-02,1137.41
24-Apr-02,1135.69
23-Apr-02,1136.47
22-Apr-02,1136.87
19-Apr-02,1139.32
18-Apr-02,1149.80
17-Apr-02,1160.03
16-Apr-02,1160.72
15-Apr-02,1164.58
12-Apr-02,1168.88
11-Apr-02,1168.15
10-Apr-02,1168.86
09-Apr-02,1170.20
08-Apr-02,1170.60
05-Apr-02,1177.81
04-Apr-02,1179.26
03-Apr-02,1180.13
02-Apr-02,1179.81
28-Mar-02,1183.10
27-Mar-02,1187.04
26-Mar-02,1185.72
25-Mar-02,1208.23
22-Mar-02,1214.54
21-Mar-02,1218.09
20-Mar-02,1223.50
19-Mar-02,1220.64
18-Mar-02,1230.07
15-Mar-02,1232.87
14-Mar-02,1243.98
13-Mar-02,1252.32
12-Mar-02,1265.52
11-Mar-02,1282.36
08-Mar-02,1260.90
07-Mar-02,1289.81
06-Mar-02,1310.14
05-Mar-02,1311.63
04-Mar-02,1309.89
01-Mar-02,1317.78
28-Feb-02,1313.57
27-Feb-02,1325.08
26-Feb-02,1330.39
25-Feb-02,1332.23
22-Feb-02,1335.52
21-Feb-02,1333.59
20-Feb-02,1335.06
19-Feb-02,1337.72
18-Feb-02,1332.80
15-Feb-02,1332.54
14-Feb-02,1327.44
13-Feb-02,1329.42
12-Feb-02,1329.61
11-Feb-02,1329.75
08-Feb-02,1336.81
07-Feb-02,1332.87
06-Feb-02,1328.15
05-Feb-02,1329.85
04-Feb-02,1337.21
01-Feb-02,1340.31
31-Jan-02,1343.41
30-Jan-02,1345.45
29-Jan-02,1349.60
28-Jan-02,1347.91
25-Jan-02,1343.82
24-Jan-02,1343.51
23-Jan-02,1352.89
22-Jan-02,1357.89
21-Jan-02,1364.70
18-Jan-02,1365.44
17-Jan-02,1368.32
16-Jan-02,1379.08
15-Jan-02,1379.02
14-Jan-02,1377.53
11-Jan-02,1382.77
10-Jan-02,1375.58
09-Jan-02,1377.71
08-Jan-02,1374.88
07-Jan-02,1369.20
04-Jan-02,1364.54
03-Jan-02,1359.54
02-Jan-02,1356.34
31-Dec-01,1355.05
28-Dec-01,1354.59
27-Dec-01,1344.26
24-Dec-01,1344.26
21-Dec-01,1344.26
20-Dec-01,1356.47
19-Dec-01,1380.59
18-Dec-01,1381.02
14-Dec-01,1396.70
13-Dec-01,1396.94
11-Dec-01,1408.90
10-Dec-01,1416.79
07-Dec-01,1418.86
06-Dec-01,1417.29
05-Dec-01,1414.91
04-Dec-01,1414.74
03-Dec-01,1420.90
30-Nov-01,1420.45
29-Nov-01,1431.08
28-Nov-01,1452.26
27-Nov-01,1451.79
26-Nov-01,1452.62
23-Nov-01,1451.59
22-Nov-01,1450.17
21-Nov-01,1461.52
20-Nov-01,1461.98
19-Nov-01,1465.07
16-Nov-01,1470.31
15-Nov-01,1466.47
14-Nov-01,1466.83
13-Nov-01,1463.28
12-Nov-01,1461.35
09-Nov-01,1466.48
08-Nov-01,1465.51
07-Nov-01,1480.09
06-Nov-01,1478.26
05-Nov-01,1475.69
02-Nov-01,1478.71
01-Nov-01,1472.91
31-Oct-01,1472.91
30-Oct-01,1500.06
29-Oct-01,1507.84
26-Oct-01,1516.81
25-Oct-01,1504.86
24-Oct-01,1487.90
23-Oct-01,1479.24
22-Oct-01,1473.79
19-Oct-01,1460.83
18-Oct-01,1455.63
17-Oct-01,1456.26
16-Oct-01,1445.83
15-Oct-01,1423.94
12-Oct-01,1423.80
11-Oct-01,1413.77
09-Oct-01,1386.40
08-Oct-01,1390.17
05-Oct-01,1385.69
04-Oct-01,1384.84
03-Oct-01,1392.14
02-Oct-01,1401.57
01-Oct-01,1403.20
28-Sep-01,1400.87
27-Sep-01,1415.69
26-Sep-01,1427.62
25-Sep-01,1417.06
24-Sep-01,1419.84
21-Sep-01,1428.47
20-Sep-01,1428.26
19-Sep-01,1428.30
18-Sep-01,1435.42
17-Sep-01,1447.27
14-Sep-01,1446.25
13-Sep-01,1468.42
12-Sep-01,1457.39
11-Sep-01,1465.24
10-Sep-01,1465.42
07-Sep-01,1478.94
06-Sep-01,1488.21
05-Sep-01,1499.49
04-Sep-01,1502.07
03-Sep-01,1512.71
31-Aug-01,1505.50
30-Aug-01,1512.11
29-Aug-01,1516.17
28-Aug-01,1519.21
27-Aug-01,1519.43
24-Aug-01,1525.07
23-Aug-01,1530.11
22-Aug-01,1536.29
21-Aug-01,1547.27
20-Aug-01,1548.11
17-Aug-01,1555.70
16-Aug-01,1558.99
15-Aug-01,1564.04
14-Aug-01,1567.51
13-Aug-01,1579.67
10-Aug-01,1581.45
09-Aug-01,1582.92
08-Aug-01,1588.01
07-Aug-01,1601.59
06-Aug-01,1606.48
03-Aug-01,1606.23
02-Aug-01,1607.55
01-Aug-01,1607.68
31-Jul-01,1620.70
30-Jul-01,1622.85
27-Jul-01,1618.13
26-Jul-01,1617.92
24-Jul-01,1627.41
23-Jul-01,1627.88
20-Jul-01,1624.34
19-Jul-01,1624.66
18-Jul-01,1634.01
17-Jul-01,1631.03
16-Jul-01,1638.03
13-Jul-01,1631.13
12-Jul-01,1636.60
11-Jul-01,1641.56
10-Jul-01,1638.00
09-Jul-01,1641.57
06-Jul-01,1645.75
05-Jul-01,1643.82
04-Jul-01,1655.51
03-Jul-01,1657.13
02-Jul-01,1651.61
29-Jun-01,1657.14
28-Jun-01,1654.24
27-Jun-01,1637.86
26-Jun-01,1628.66
25-Jun-01,1625.88
22-Jun-01,1620.42
21-Jun-01,1616.20
20-Jun-01,1614.77
19-Jun-01,1604.94
18-Jun-01,1602.64
15-Jun-01,1602.71
14-Jun-01,1600.60
13-Jun-01,1600.95
12-Jun-01,1611.83
11-Jun-01,1605.64
08-Jun-01,1611.36
07-Jun-01,1612.61
06-Jun-01,1623.70
05-Jun-01,1632.03
04-Jun-01,1628.60
31-May-01,1636.47
30-May-01,1629.82
29-May-01,1630.88
28-May-01,1637.44
25-May-01,1634.94
24-May-01,1644.61
23-May-01,1652.72
22-May-01,1655.74
21-May-01,1649.62
18-May-01,1656.55
17-May-01,1668.58
16-May-01,1678.33
15-May-01,1719.15
14-May-01,1719.14
11-May-01,1735.56
10-May-01,1738.03
09-May-01,1727.18
08-May-01,1745.33
07-May-01,1758.37
04-May-01,1767.60
03-May-01,1780.98
02-May-01,1768.78
30-Apr-01,1767.89
27-Apr-01,1762.78
26-Apr-01,1774.82
25-Apr-01,1781.58
24-Apr-01,1791.09
23-Apr-01,1791.97
20-Apr-01,1797.10
19-Apr-01,1807.95
18-Apr-01,1806.03
17-Apr-01,1806.18
12-Apr-01,1814.33
11-Apr-01,1815.99
10-Apr-01,1819.00
09-Apr-01,1812.90
06-Apr-01,1815.85
05-Apr-01,1815.67
04-Apr-01,1814.16
03-Apr-01,1814.92
02-Apr-01,1823.77
30-Mar-01,1830.53
29-Mar-01,1830.23
28-Mar-01,1829.45
27-Mar-01,1827.83
26-Mar-01,1831.05
23-Mar-01,1837.37
22-Mar-01,1853.17
21-Mar-01,1857.94
20-Mar-01,1859.15
19-Mar-01,1864.98
16-Mar-01,1864.30
15-Mar-01,1867.43
14-Mar-01,1864.73
13-Mar-01,1871.21
12-Mar-01,1883.50
09-Mar-01,1889.09
08-Mar-01,1889.92
07-Mar-01,1907.50
06-Mar-01,1917.44
05-Mar-01,1925.19
02-Mar-01,1933.88
01-Mar-01,1936.11
28-Feb-01,1932.85
27-Feb-01,1927.67
26-Feb-01,1931.16
23-Feb-01,1919.87
22-Feb-01,1921.02
21-Feb-01,1908.13
20-Feb-01,1909.27
19-Feb-01,1905.62
16-Feb-01,1916.79
15-Feb-01,1921.03
14-Feb-01,1914.29
13-Feb-01,1904.78
12-Feb-01,1918.17
09-Feb-01,1916.84
08-Feb-01,1907.16
07-Feb-01,1907.52
06-Feb-01,1915.60
05-Feb-01,1903.75
02-Feb-01,1902.52
31-Jan-01,1897.48
30-Jan-01,1893.21
29-Jan-01,1887.85
26-Jan-01,1892.66
25-Jan-01,1888.42
24-Jan-01,1888.20
23-Jan-01,1891.95
22-Jan-01,1885.01
19-Jan-01,1879.71
18-Jan-01,1889.78
17-Jan-01,1891.92
16-Jan-01,1888.77
15-Jan-01,1886.13
12-Jan-01,1887.58
11-Jan-01,1886.67
10-Jan-01,1886.73
09-Jan-01,1898.07
08-Jan-01,1902.33
05-Jan-01,1910.27
04-Jan-01,1917.85
