Issue Date,Issue No,Tenor,Weighted Average Rate
25-12-17,2244,91,8.005
25-12-17,2217,182,10.583
25-12-17,2156,364,11.128
18-12-17,2243,91,8.001
18-12-17,2155,182,10.529
18-12-17,2216,364,11.087
11-12-17,2242,91,8.011
11-12-17,2215,182,10.522
11-12-17,2154,364,11.076
04-12-17,2241,91,8.011
04-12-17,2214,182,10.478
04-12-17,2153,364,11.045
27-11-17,2240,91,8.011
27-11-17,2213,182,10.481
27-11-17,2151,364,11.019
20-11-17,2239,91,8.008
20-11-17,2212,182,10.483
20-11-17,2150,364,11.004
13-11-17,2238,91,8.015
13-11-17,2211,182,10.488
13-11-17,2149,364,11
06-11-17,2237,91,8.015
06-11-17,2210,182,10.433
06-11-17,2148,364,10.995
30-10-17,2236,91,8.011
30-10-17,2209,182,10.389
30-10-17,2147,364,10.989
23-10-17,2235,91,8.078
23-10-17,2208,182,10.314
23-10-17,2146,364,10.985
16-10-17,2234,91,8.097
16-10-17,2207,182,10.316
16-10-17,2145,364,10.989
09-10-17,2233,91,8.129
09-10-17,2206,182,10.319
09-10-17,2144,364,10.975
02-10-17,2232,91,8.13
02-10-17,2205,182,10.317
02-10-17,2143,364,10.958
25-09-17,2231,91,8.129
25-09-17,2142,182,10.959
25-09-17,2204,182,10.317
18-09-17,2230,91,8.134
18-09-17,2203,182,10.314
18-09-17,2141,364,10.93
11-09-17,2229,91,8.13
11-09-17,2202,182,10.313
11-09-17,2140,364,10.92
04-09-17,2228,91,8.139
04-09-17,2201,182,10.316
04-09-17,2139,364,10.922
28-08-17,2227,91,8.148
28-08-17,2200,182,10.314
28-08-17,2138,182,10.909
21-08-17,2226,91,8.153
21-08-17,2199,182,10.316
21-08-17,2137,364,10.906
14-08-17,2225,91,8.199
14-08-17,2198,182,10.32
14-08-17,2136,364,10.905
07-08-17,2224,91,8.196
07-08-17,2197,182,10.324
07-08-17,2135,364,10.889
31-07-17,2223,91,8.202
31-07-17,2196,182,10.321
31-07-17,2134,364,10.894
24-07-17,2222,91,8.205
24-07-17,2195,182,10.308
24-07-17,2133,364,10.887
17-07-17,2221,91,8.205
17-07-17,2194,182,10.323
17-07-17,2132,364,10.893
10-07-17,2220,91,8.221
10-07-17,2193,182,10.312
10-07-17,2131,364,10.889
03-07-17,2219,91,8.284
03-07-17,2192,182,10.329
03-07-17,2130,364,10.895
26-06-17,2218,91,8.31
26-06-17,2191,182,10.314
26-06-17,2129,364,10.868
19-06-17,2217,91,8.325
19-06-17,2128,364,10.863
19-06-17,2190,182,10.301
19-06-17,2217,91,8.325
12-06-17,2216,91,8.459
12-06-17,2189,182,10.326
12-06-17,2127,364,10.885
05-06-17,2215,91,8.54
05-06-17,2188,182,10.362
05-06-17,2126,364,10.914
29-05-17,2214,91,8.606
29-05-17,2187,182,10.374
29-05-17,2125,364,10.914
22-05-17,2213,91,8.677
22-05-17,2186,182,10.389
22-05-17,2124,364,10.914
15-05-17,2112,91,8.726
15-05-17,2185,182,10.407
15-05-17,2123,364,10.929
08-05-17,2211,91,8.759
08-05-17,2184,182,10.475
08-05-17,2122,364,10.926
01-05-17,2210,91,8.778
01-05-17,2121,364,10.938
24-04-17,2209,91,8.779
24-04-17,2119,364,10.924
17-04-17,2208,91,8.773
17-04-17,2118,364,10.925
10-04-17,2207,91,8.769
10-04-17,2117,364,10.925
03-04-17,2206,91,8.756
03-04-17,2116,364,10.919
06-03-17,2202,91,8.628
06-03-17,2183,182,10.525
06-03-17,2112,364,10.895
27-02-17,2201,91,8.618
27-02-17,2182,182,10.529
27-02-17,2111,364,10.899
20-02-17,2200,91,8.631
20-02-17,2181,182,10.524
20-02-17,2110,364,10.939
13-02-17,2199,91,8.656
13-02-17,2180,182,10.521
13-02-17,2109,364,10.94
30-01-17,2197,91,8.662
30-01-17,2178,182,10.535
30-01-17,2107,364,10.919
23-01-17,2196,91,8.661
23-01-17,2106,364,11.004
23-01-17,2177,182,10.533
16-01-17,2105,364,10.989
16-01-17,2176,182,10.463
16-01-17,2195,91,8.648
09-01-17,2104,364,11.01
09-01-17,2175,182,10.467
09-01-17,2194,91,8.552
02-01-17,2174,182,10.475
02-01-17,2193,91,8.553
26-12-16,2192,91,8.561
26-12-16,2173,182,10.493
26-12-16,2101,364,11.024
19-12-16,2191,91,8.484
19-12-16,2172,182,10.56
12-12-16,2190,91,8.359
12-12-16,2171,182,10.495
12-12-16,2100,364,11.093
05-12-16,2189,91,8.362
05-12-16,2170,182,10.462
05-12-16,2097,364,10.9
28-11-16,2169,182,10.371
28-11-16,2096,364,10.886
28-11-16,2188,91,8.326
21-11-16,2187,91,8.331
21-11-16,2168,182,10.36
21-11-16,2095,364,10.862
14-11-16,2167,182,10.302
14-11-16,2094,364,10.717
14-11-16,2186,91,7.96
14-11-16,2186,91,8.23
14-11-16,2167,182,10.302
14-11-16,2094,364,10.717
07-11-16,2166,182,10.296
07-11-16,2185,91,8.113
07-11-16,2093,364,10.609
31-10-16,2184,91,8.03
31-10-16,2165,182,10.27
31-10-16,2092,364,10.576
31-10-16,2165,182,10.27
31-10-16,2184,91,8.03
31-10-16,2092,364,10.576
24-10-16,2183,91,7.696
24-10-16,2164,182,10.357
24-10-16,2091,364,10.412
24-10-16,2183,91,7.696
24-10-16,2091,364,10.412
24-10-16,2164,182,10.357
17-10-16,2163,182,10.292
17-10-16,2090,364,10.329
17-10-16,2182,91,7.719
17-10-16,2163,182,10.292
17-10-16,2090,364,10.329
17-10-16,2182,91,7.719
10-10-16,2181,91,7.759
10-10-16,2162,182,10.34
10-10-16,2089,364,10.343
10-10-16,2089,364,10.343
10-10-16,2181,91,7.759
10-10-16,2162,182,10.34
03-10-16,2161,182,10.416
03-10-16,2088,364,10.417
03-10-16,2180,91,7.816
03-10-16,2088,364,10.417
03-10-16,2161,182,10.416
03-10-16,2180,91,7.816
26-09-16,2179,91,7.89
26-09-16,2087,364,10.599
26-09-16,2160,182,10.568
26-09-16,2160,182,10.568
26-09-16,2087,364,10.599
26-09-16,2179,91,7.89
19-09-16,2178,91,7.986
19-09-16,2159,182,10.753
19-09-16,2086,364,10.894
19-09-16,2086,364,10.894
19-09-16,2159,182,10.753
19-09-16,2178,91,7.986
12-09-16,2177,91,8.087
12-09-16,2158,182,10.943
12-09-16,2085,364,11.129
12-09-16,2177,91,8.087
12-09-16,2158,182,10.943
12-09-16,2085,364,11.129
05-09-16,2176,91,8.258
05-09-16,2157,182,11.125
05-09-16,2084,364,11.502
05-09-16,2176,91,8.258
05-09-16,2157,182,11.125
05-09-16,2084,364,11.502
29-08-16,2175,91,8.607
29-08-16,2156,182,11.182
29-08-16,2083,364,11.982
29-08-16,2083,364,11.982
29-08-16,2156,182,11.182
29-08-16,2175,91,8.607
22-08-16,2174,91,8.609
22-08-16,2155,182,11.02
22-08-16,2082,364,11.865
22-08-16,2082,364,11.865
22-08-16,2155,182,11.02
22-08-16,2174,91,8.609
15-08-16,2173,91,8.541
15-08-16,2154,182,10.811
15-08-16,2081,364,11.684
15-08-16,2081,364,11.684
15-08-16,2173,91,8.541
15-08-16,2154,182,10.811
08-08-16,2172,91,8.349
08-08-16,2153,182,10.696
08-08-16,2080,364,11.405
08-08-16,2153,182,10.696
08-08-16,2080,364,11.405
08-08-16,2172,91,8.349
01-08-16,2171,91,8.293
01-08-16,2152,182,10.474
01-08-16,2079,364,11.369
01-08-16,2152,182,10.474
01-08-16,2171,91,8.293
01-08-16,2079,364,11.369
25-07-16,2170,91,7.919
25-07-16,2151,182,10.205
25-07-16,2078,364,11.027
25-07-16,2151,182,10.205
25-07-16,2078,364,11.027
25-07-16,2151,182,10.205
25-07-16,2078,364,11.027
25-07-16,2151,182,10.205
25-07-16,2170,91,7.919
18-07-16,2169,91,7.649
18-07-16,2150,182,9.914
18-07-16,2077,364,10.869
18-07-16,2077,364,10.869
18-07-16,2169,91,7.649
18-07-16,2150,182,9.914
11-07-16,2168,91,7.027
11-07-16,2149,182,9.647
11-07-16,2076,364,10.952
11-07-16,2076,364,10.952
11-07-16,2149,182,9.647
11-07-16,2168,91,7.027
04-07-16,2167,91,7.045
04-07-16,2148,182,9.393
04-07-16,2075,364,10.676
04-07-16,2075,364,10.676
04-07-16,2148,182,9.393
04-07-16,2167,91,7.045
27-06-16,2166,91,7.059
27-06-16,2147,182,9.239
27-06-16,2074,364,10.737
27-06-16,2074,364,10.737
27-06-16,2147,182,9.239
27-06-16,2166,91,7.059
20-06-16,2165,91,7.161
20-06-16,2146,182,9.545
20-06-16,2073,364,10.734
20-06-16,2073,364,10.734
20-06-16,2146,182,9.545
20-06-16,2165,91,7.161
13-06-16,2164,91,7.303
13-06-16,2145,182,9.648
13-06-16,2072,364,10.844
13-06-16,2145,182,9.648
13-06-16,2164,91,7.303
13-06-16,2072,364,10.844
06-06-16,2163,91,7.477
06-06-16,2144,182,9.799
06-06-16,2071,364,11.049
06-06-16,2071,364,11.049
06-06-16,2163,91,7.477
06-06-16,2144,182,9.799
30-05-16,2162,91,7.711
30-05-16,2143,182,9.999
30-05-16,2070,364,11.293
30-05-16,2162,91,7.711
30-05-16,2070,364,11.293
30-05-16,2143,182,9.999
23-05-16,2161,91,7.998
23-05-16,2142,182,10.137
23-05-16,2069,364,11.57
23-05-16,2142,182,10.137
23-05-16,2069,364,11.57
23-05-16,2161,91,7.998
23-05-16,2142,182,10.137
23-05-16,2069,364,11.57
16-05-16,2160,91,8.189
16-05-16,2141,182,10.273
16-05-16,2068,364,11.689
16-05-16,2141,182,10.273
16-05-16,2068,364,11.689
16-05-16,2160,91,8.189
09-05-16,2159,91,8.332
09-05-16,2140,182,10.366
09-05-16,2067,364,11.723
09-05-16,2067,364,11.723
09-05-16,2159,91,8.332
09-05-16,2140,182,10.366
02-05-16,2158,91,8.581
02-05-16,2139,182,10.453
02-05-16,2066,364,11.745
02-05-16,2158,91,8.581
02-05-16,2139,182,10.453
02-05-16,2066,364,11.745
25-04-16,2157,91,8.77
25-04-16,2138,182,10.691
25-04-16,2064,364,11.8
25-04-16,2064,364,11.8
25-04-16,2157,91,8.77
25-04-16,2138,182,10.691
18-04-16,2156,91,8.942
18-04-16,2137,182,10.938
18-04-16,2063,364,11.791
18-04-16,2063,364,11.791
18-04-16,2137,182,10.938
18-04-16,2156,91,8.942
11-04-16,2155,91,9.001
11-04-16,2136,182,10.833
11-04-16,2062,364,11.869
11-04-16,2136,182,10.833
11-04-16,2062,364,11.869
11-04-16,2155,91,9.001
04-04-16,2154,91,8.965
04-04-16,2135,182,10.729
04-04-16,2061,364,11.886
04-04-16,2135,182,10.729
04-04-16,2061,364,11.886
04-04-16,2154,91,8.965
28-03-16,2153,91,8.41
28-03-16,2134,182,10.662
28-03-16,2060,364,11.914
28-03-16,2134,182,10.662
28-03-16,2153,91,8.41
28-03-16,2060,364,11.914
21-03-16,2152,91,8.597
21-03-16,2133,182,10.499
21-03-16,2059,364,12.019
21-03-16,2152,91,8.597
21-03-16,2133,182,10.499
21-03-16,2059,364,12.019
14-03-16,2151,91,8.807
14-03-16,2132,182,10.89
14-03-16,2058,364,12.247
14-03-16,2132,182,10.89
14-03-16,2058,364,12.247
14-03-16,2151,91,8.807
14-03-16,2132,182,10.89
14-03-16,2058,364,12.247
07-03-16,2150,91,9.06
07-03-16,2130,182,11.627
07-03-16,2057,364,12.838
07-03-16,2150,91,9.06
07-03-16,2131,182,11.627
07-03-16,2057,364,12.838
29-02-16,2149,91,9.316
29-02-16,2129,182,11.925
29-02-16,2056,364,13.25
29-02-16,2056,364,13.25
29-02-16,2149,91,9.316
29-02-16,2130,364,11.925
22-02-16,2148,91,9.938
22-02-16,2128,182,13.251
22-02-16,2055,364,13.406
22-02-16,2055,364,13.406
22-02-16,2148,91,9.938
22-02-16,2129,182,12.476
15-02-16,2054,364,13.605
15-02-16,2147,91,10.835
15-02-16,2054,364,13.605
15-02-16,2128,182,13.251
11-02-16,2147,91,10.835
08-02-16,2053,364,13.964
08-02-16,2127,182,13.912
08-02-16,2146,91,11.361
08-02-16,2053,364,13.964
04-02-16,2146,91,11.361
03-02-16,2127,182,13.912
01-02-16,2145,91,11.702
01-02-16,2126,182,14.38
01-02-16,2052,364,14.488
01-02-16,2052,364,14.488
01-02-16,2126,182,14.38
01-02-16,2145,91,11.702
25-01-16,2144,91,11.756
25-01-16,2125,182,14.18
25-01-16,2051,364,14.919
25-01-16,2125,182,14.18
25-01-16,2144,91,11.756
25-01-16,2051,364,14.919
18-01-16,2143,91,11.434
18-01-16,2124,182,13.716
18-01-16,2050,364,14.335
18-01-16,2143,91,11.434
18-01-16,2124,182,13.716
18-01-16,2050,364,14.335
11-01-16,2142,91,11.398
11-01-16,2123,182,13.164
11-01-16,2049,364,13.803
11-01-16,2123,182,13.164
11-01-16,2049,364,13.803
11-01-16,2142,91,11.398
04-01-16,2141,91,10.845
04-01-16,2122,182,12.762
04-01-16,2122,182,12.762
04-01-16,2048,364,13.254
04-01-16,2141,91,10.845
04-01-16,2122,182,12.762
04-01-16,2048,364,13.254
28-12-15,2140,91,10.406
28-12-15,2121,182,12.336
28-12-15,2046,364,12.747
28-12-15,2046,364,12.747
28-12-15,2140,91,10.406
28-12-15,2122,182,12.762
21-12-15,2139,91,9.946
21-12-15,2120,182,11.717
21-12-15,2045,364,12.482
21-12-15,2120,182,11.717
21-12-15,2139,91,9.946
21-12-15,2121,182,12.336
14-12-15,2138,91,9.667
14-12-15,2119,182,11.099
14-12-15,2044,364,12.561
14-12-15,2044,364,12.561
14-12-15,2138,91,9.667
14-12-15,2045,364,12.482
07-12-15,2137,91,9.218
07-12-15,2118,182,10.558
07-12-15,2043,364,12.212
07-12-15,2137,91,9.218
07-12-15,2043,364,12.212
07-12-15,2119,182,11.099
30-11-15,2136,91,9.21
30-11-15,2117,182,10.092
30-11-15,2042,364,11.934
30-11-15,2117,182,10.092
30-11-15,2042,364,11.934
30-11-15,2118,182,10.558
23-11-15,2135,91,9.578
23-11-15,2116,182,10.203
23-11-15,2041,364,12.086
23-11-15,2135,91,9.578
23-11-15,2041,364,12.086
23-11-15,2136,91,9.21
16-11-15,2134,91,9.654
16-11-15,2115,182,12.282
16-11-15,2040,364,13.62
16-11-15,2040,364,13.62
16-11-15,2115,182,12.282
16-11-15,2116,182,10.203
09-11-15,2133,91,13.763
09-11-15,2114,182,16.492
09-11-15,2039,364,17.13
09-11-15,2133,91,13.763
09-11-15,2039,364,17.13
09-11-15,2134,91,9.654
02-11-15,2132,91,19.471
02-11-15,2113,182,21.028
02-11-15,2038,364,21.212
02-11-15,2113,182,21.028
02-11-15,2038,364,21.212
02-11-15,2114,182,16.492
26-10-15,2131,91,22.492
26-10-15,2112,182,22.291
26-10-15,2037,364,22.363
26-10-15,2112,182,22.291
26-10-15,2132,91,19.471
19-10-15,2130,91,22.133
19-10-15,2111,182,22.291
19-10-15,2037,364,22.363
19-10-15,2037,364,22.363
19-10-15,2130,91,22.133
19-10-15,2131,91,22.492
12-10-15,2129,91,21.353
12-10-15,2110,182,21.607
12-10-15,2035,364,21.498
12-10-15,2035,364,21.498
12-10-15,2110,182,21.607
12-10-15,2111,182,22.291
05-10-15,2128,91,20.637
05-10-15,2109,182,20.331
05-10-15,2034,364,20.695
05-10-15,2128,91,20.637
05-10-15,2109,182,20.331
05-10-15,2129,91,21.353
28-09-15,2127,91,18.607
28-09-15,2108,182,14.551
28-09-15,2032,364,16.301
28-09-15,2032,364,16.301
28-09-15,2127,91,18.607
28-09-15,2034,364,20.695
21-09-15,2126,91,14.486
21-09-15,2107,182,13.861
21-09-15,2031,364,15.768
21-09-15,2031,364,15.768
21-09-15,2107,182,13.861
21-09-15,2108,182,14.551
14-09-15,2125,91,13.858
14-09-15,2106,182,12.877
14-09-15,2030,364,14.948
14-09-15,2106,182,12.877
14-09-15,2125,91,13.858
14-09-15,2126,91,14.486
07-09-15,2124,91,11.502
07-09-15,2105,182,12.305
07-09-15,2029,364,13.967
07-09-15,2029,364,13.967
07-09-15,2124,91,11.502
07-09-15,2030,364,14.948
31-08-15,2123,91,11.512
31-08-15,2104,182,12.363
31-08-15,2028,364,13.819
31-08-15,2104,182,12.363
31-08-15,2028,364,13.819
31-08-15,2105,182,12.305
24-08-15,2122,91,11.565
24-08-15,2103,182,12.261
24-08-15,2027,364,13.045
24-08-15,2103,182,12.261
24-08-15,2027,364,13.045
24-08-15,2123,91,11.512
17-08-15,2121,91,11.496
17-08-15,2102,182,11.9
17-08-15,2026,364,13.001
17-08-15,2121,91,11.496
17-08-15,2026,364,13.001
17-08-15,2122,91,11.565
20-07-15,2117,91,11.327
20-07-15,2098,182,12.153
20-07-15,2022,364,12.532
20-07-15,2022,364,12.532
20-07-15,2098,182,12.153
20-07-15,2102,182,11.9
13-07-15,2116,91,11.285
13-07-15,2097,182,12.051
13-07-15,2021,364,11.137
13-07-15,2097,182,12.051
13-07-15,2116,91,11.285
13-07-15,2117,91,11.327
06-07-15,2115,91,8.165
06-07-15,2096,182,11.025
06-07-15,2020,364,11.025
06-07-15,2020,364,11.025
06-07-15,2115,91,8.165
06-07-15,2021,364,11.137
29-06-15,2114,91,8.274
29-06-15,2095,182,10.554
29-06-15,2019,364,11.071
29-06-15,2114,91,8.274
29-06-15,2095,182,10.554
29-06-15,2096,182,11.025
22-06-15,2113,91,8.317
22-06-15,2094,182,10.641
22-06-15,2018,364,11.139
22-06-15,2018,364,11.139
22-06-15,2094,182,10.641
22-06-15,2019,364,11.071
15-06-15,2112,91,8.312
15-06-15,2093,182,10.538
15-06-15,2017,364,11.088
15-06-15,2093,182,10.538
15-06-15,2017,364,11.088
15-06-15,2113,91,8.317
08-06-15,2111,91,8.224
08-06-15,2092,182,10.5
08-06-15,2016,364,10.8
08-06-15,2016,364,10.8
08-06-15,2111,91,8.224
08-06-15,2112,91,8.312
01-06-15,2110,91,8.162
01-06-15,2091,182,10.5
01-06-15,2015,364,10.8
01-06-15,2110,91,8.162
01-06-15,2015,364,10.8
01-06-15,2092,182,10.5
25-05-15,2109,91,8.124
25-05-15,2090,182,10.55
25-05-15,2014,364,10.808
25-05-15,2014,364,10.808
25-05-15,2090,182,10.55
25-05-15,2091,182,10.5
18-05-15,2108,91,8.167
18-05-15,2089,182,10.348
18-05-15,2013,364,10.768
18-05-15,2108,91,8.167
18-05-15,2013,364,10.768
18-05-15,2109,91,8.124
11-05-15,2107,91,8.357
11-05-15,2088,182,10.326
11-05-15,2012,364,10.677
11-05-15,2012,364,10.677
11-05-15,2107,91,8.357
11-05-15,2089,182,10.348
04-05-15,2106,91,8.378
04-05-15,2087,182,10.268
04-05-15,2011,364,10.605
04-05-15,2011,364,10.605
04-05-15,2106,91,8.378
04-05-15,2088,182,10.326
27-04-15,2105,91,8.406
27-04-15,2086,182,10.272
27-04-15,2009,364,10.595
27-04-15,2009,364,10.595
27-04-15,2105,91,8.406
27-04-15,2087,182,10.268
20-04-15,2104,91,8.408
20-04-15,2085,182,10.252
20-04-15,2008,364,10.576
20-04-15,2085,182,10.252
20-04-15,2008,364,10.576
20-04-15,2086,182,10.272
13-04-15,2103,91,8.422
13-04-15,2084,182,10.248
13-04-15,2007,364,10.564
13-04-15,2103,91,8.422
13-04-15,2084,182,10.248
13-04-15,2104,91,8.408
06-04-15,2102,91,8.454
06-04-15,2083,182,10.271
06-04-15,2006,364,10.543
06-04-15,2083,182,10.271
06-04-15,2006,364,10.543
06-04-15,2007,364,10.564
30-03-15,2101,91,8.438
30-03-15,2082,182,10.3
30-03-15,2005,364,10.553
30-03-15,2101,91,8.438
30-03-15,2082,182,10.3
30-03-15,2102,91,8.454
23-03-15,2100,91,8.447
23-03-15,2081,182,10.326
23-03-15,2004,364,10.596
23-03-15,2081,182,10.326
23-03-15,2100,91,8.447
23-03-15,2005,364,10.553
16-03-15,2099,91,8.453
16-03-15,2080,182,10.356
16-03-15,2003,364,10.636
16-03-15,2099,91,8.453
16-03-15,2003,364,10.636
16-03-15,2004,364,10.596
09-03-15,2098,91,8.463
09-03-15,2079,182,10.375
09-03-15,2002,364,10.768
09-03-15,2098,91,8.463
09-03-15,2002,364,10.768
09-03-15,2080,182,10.356
02-03-15,2097,91,8.645
02-03-15,2078,182,10.367
02-03-15,2001,364,10.892
02-03-15,2078,182,10.367
02-03-15,2097,91,8.645
02-03-15,2079,182,10.375
23-02-15,2096,91,8.64
23-02-15,2077,182,10.377
23-02-15,2000,364,10.907
23-02-15,2077,182,10.377
23-02-15,2000,364,10.907
23-02-15,2001,364,10.892
16-02-15,2095,91,8.563
16-02-15,2076,182,10.403
16-02-15,1999,364,10.942
16-02-15,2076,182,10.403
16-02-15,1999,364,10.942
16-02-15,2096,91,8.64
09-02-15,2094,91,8.582
09-02-15,2075,182,10.362
09-02-15,1998,364,10.987
09-02-15,2075,182,10.362
09-02-15,1998,364,10.987
09-02-15,2095,91,8.563
02-02-15,2093,91,8.572
02-02-15,2074,182,10.334
02-02-15,1997,364,10.984
02-02-15,2093,91,8.572
02-02-15,2074,182,10.334
02-02-15,2094,91,8.582
26-01-15,2092,91,8.684
26-01-15,2073,182,10.282
26-01-15,1996,364,10.825
26-01-15,2092,91,8.684
26-01-15,2073,182,10.282
26-01-15,1997,364,10.984
19-01-15,2091,91,8.601
19-01-15,2072,182,10.237
19-01-15,1995,364,10.707
19-01-15,2072,182,10.237
19-01-15,2091,91,8.601
19-01-15,1996,364,10.825
12-01-15,2090,91,8.529
12-01-15,2071,182,10.2
12-01-15,1994,364,10.679
12-01-15,2090,91,8.529
12-01-15,2071,182,10.2
12-01-15,1995,364,10.707
05-01-15,2089,91,8.532
05-01-15,2070,182,10.048
05-01-15,1993,364,10.687
05-01-15,1993,364,10.687
05-01-15,2070,182,10.048
05-01-15,1994,364,10.679
29-12-14,2088,91,8.571
29-12-14,2069,182,9.855
29-12-14,1991,364,10.575
29-12-14,2069,182,9.855
29-12-14,2088,91,8.571
29-12-14,2089,91,8.532
22-12-14,2087,91,8.513
22-12-14,2068,182,9.517
22-12-14,1990,364,10.388
22-12-14,2087,91,8.513
22-12-14,1991,364,10.575
15-12-14,2086,91,8.595
15-12-14,2067,182,9.45
15-12-14,1989,364,10.388
15-12-14,2086,91,8.595
15-12-14,2067,182,9.45
15-12-14,1990,364,10.388
08-12-14,2085,91,8.615
08-12-14,2066,182,9.318
08-12-14,1988,364,10.285
08-12-14,2066,182,9.318
08-12-14,1988,364,10.285
08-12-14,1989,364,10.388
01-12-14,2084,91,8.605
01-12-14,2065,182,9.286
01-12-14,1987,364,10.251
01-12-14,2065,182,9.286
01-12-14,1987,364,10.251
01-12-14,2085,91,8.615
24-11-14,2083,91,8.597
24-11-14,2064,182,9.201
24-11-14,1986,364,10.244
24-11-14,1986,364,10.244
24-11-14,2083,91,8.597
24-11-14,2084,91,8.605
17-11-14,2082,91,8.609
17-11-14,2063,182,9.211
17-11-14,1985,364,10.212
17-11-14,2082,91,8.609
17-11-14,2063,182,9.211
17-11-14,2064,182,9.201
10-11-14,2081,91,8.696
10-11-14,2062,182,9.183
10-11-14,1984,364,10.242
10-11-14,2062,182,9.183
10-11-14,2081,91,8.696
10-11-14,1985,364,10.212
03-11-14,2080,91,8.67
03-11-14,2061,182,9.105
03-11-14,1983,364,10.257
03-11-14,2080,91,8.67
03-11-14,2061,182,9.105
03-11-14,1984,364,10.242
27-10-14,2079,91,8.706
27-10-14,2060,182,9
27-10-14,1982,364,10.231
27-10-14,2079,91,8.706
27-10-14,2060,182,9
27-10-14,1983,364,10.257
20-10-14,2078,91,8.715
20-10-14,2059,182,8.986
20-10-14,1981,364,10.172
20-10-14,2059,182,8.986
20-10-14,1981,364,10.172
20-10-14,1982,364,10.231
13-10-14,2077,91,8.614
13-10-14,2058,182,8.913
13-10-14,1980,364,10.327
13-10-14,1980,364,10.327
13-10-14,2077,91,8.614
13-10-14,2078,91,8.715
06-10-14,2076,91,8.63
06-10-14,2057,182,8.742
06-10-14,1979,364,10.38
06-10-14,2076,91,8.63
06-10-14,2057,182,8.742
06-10-14,2058,182,8.913
29-09-14,2075,91,8.653
29-09-14,2056,182,8.741
29-09-14,1977,364,10.357
29-09-14,2056,182,8.741
29-09-14,1977,364,10.357
29-09-14,1979,364,10.38
22-09-14,2074,91,8.637
22-09-14,2055,182,8.604
22-09-14,1976,364,10.276
22-09-14,2055,182,8.604
22-09-14,2074,91,8.637
22-09-14,2075,91,8.653
15-09-14,2073,91,8.219
15-09-14,2054,182,8.55
15-09-14,1975,364,10.163
15-09-14,2073,91,8.219
15-09-14,1975,364,10.163
15-09-14,1976,364,10.276
08-09-14,2072,91,8.187
08-09-14,2053,182,8.55
08-09-14,1974,364,10.233
08-09-14,2053,182,8.55
08-09-14,2072,91,8.187
08-09-14,2054,182,8.55
01-09-14,2071,91,8.2
01-09-14,2052,182,8.605
01-09-14,1973,364,10.253
01-09-14,2071,91,8.2
01-09-14,2052,182,8.605
01-09-14,1974,364,10.233
25-08-14,2070,91,8.209
25-08-14,2051,182,8.693
25-08-14,1972,364,10.249
25-08-14,2070,91,8.209
25-08-14,1972,364,10.249
25-08-14,1973,364,10.253
18-08-14,2069,91,8.234
18-08-14,2050,182,8.7
18-08-14,1971,364,10.263
18-08-14,1971,364,10.263
18-08-14,2069,91,8.234
18-08-14,2051,182,8.693
11-08-14,2068,91,8.244
11-08-14,2049,182,8.7
11-08-14,1970,364,10.273
11-08-14,2068,91,8.244
11-08-14,1970,364,10.273
11-08-14,2050,182,8.7
04-08-14,2067,91,8.475
04-08-14,2048,182,9.296
04-08-14,1969,364,10.33
04-08-14,1969,364,10.33
04-08-14,2048,182,9.296
04-08-14,2049,182,8.7
28-07-14,2066,91,8.694
28-07-14,2047,182,10.06
28-07-14,1968,364,10.33
28-07-14,2047,182,10.06
28-07-14,2066,91,8.694
28-07-14,2067,91,8.475
21-07-14,2065,91,9.274
21-07-14,2046,182,10.43
21-07-14,1967,364,10.558
21-07-14,2065,91,9.274
21-07-14,1967,364,10.558
21-07-14,1968,364,10.33
14-07-14,2064,91,9.727
14-07-14,2045,182,10.97
14-07-14,1966,364,11.165
14-07-14,2064,91,9.727
14-07-14,1966,364,11.165
14-07-14,2046,182,10.43
07-07-14,2063,91,11.408
07-07-14,2044,182,11.5
07-07-14,1965,364,11.788
07-07-14,2063,91,11.408
07-07-14,2044,182,11.5
07-07-14,2045,182,10.97
30-06-14,2062,91,11.438
30-06-14,2043,182,11.585
30-06-14,1964,364,11.186
30-06-14,1964,364,11.186
30-06-14,2062,91,11.438
30-06-14,1965,364,11.788
23-06-14,2061,91,10.25
23-06-14,2042,182,10.711
23-06-14,1963,364,10.981
23-06-14,2061,91,10.25
23-06-14,2042,182,10.711
23-06-14,2043,182,11.585
16-06-14,2060,91,9.275
16-06-14,2041,182,10.323
16-06-14,1962,364,10.239
16-06-14,1962,364,10.239
16-06-14,2041,182,10.323
16-06-14,1963,364,10.981
09-06-14,2059,91,9.283
09-06-14,2040,182,10.016
09-06-14,1961,364,10.086
09-06-14,2059,91,9.283
09-06-14,1961,364,10.086
09-06-14,2060,91,9.275
02-06-14,2058,91,8.802
02-06-14,2039,182,9.888
02-06-14,1960,364,10.248
02-06-14,2039,182,9.888
02-06-14,1960,364,10.248
02-06-14,2040,182,10.016
26-05-14,2057,91,8.885
26-05-14,2038,182,9.927
26-05-14,1959,364,10.079
26-05-14,1959,364,10.079
26-05-14,2038,182,9.927
26-05-14,2058,91,8.802
19-05-14,2056,91,8.845
19-05-14,2037,182,9.851
19-05-14,1958,364,10.071
19-05-14,2037,182,9.851
19-05-14,2056,91,8.845
19-05-14,2057,91,8.885
12-05-14,2055,91,8.756
12-05-14,2036,182,9.872
12-05-14,1957,364,10.083
12-05-14,1957,364,10.083
12-05-14,2055,91,8.756
12-05-14,1958,364,10.071
05-05-14,2054,91,8.799
05-05-14,2035,182,9.774
05-05-14,1956,364,10.112
05-05-14,2054,91,8.799
05-05-14,1956,364,10.112
05-05-14,2036,182,9.872
28-04-14,2053,91,8.783
28-04-14,2034,182,9.822
28-04-14,1954,364,10.12
28-04-14,2034,182,9.822
28-04-14,2053,91,8.783
28-04-14,2035,182,9.774
21-04-14,2052,91,8.757
21-04-14,2033,182,9.812
21-04-14,1953,364,10.111
21-04-14,2052,91,8.757
21-04-14,1953,364,10.111
21-04-14,1954,364,10.12
14-04-14,2051,91,8.825
14-04-14,2032,182,9.83
14-04-14,1952,364,10.259
14-04-14,2051,91,8.825
14-04-14,1952,364,10.259
14-04-14,2033,182,9.812
07-04-14,2050,91,8.847
07-04-14,2031,182,9.87
07-04-14,1951,364,10.315
07-04-14,1951,364,10.315
07-04-14,2031,182,9.87
07-04-14,2032,182,9.83
31-03-14,2049,91,8.852
31-03-14,2030,182,9.871
31-03-14,1950,364,10.317
31-03-14,1950,364,10.317
31-03-14,2030,182,9.871
31-03-14,2050,91,8.847
24-03-14,2048,91,8.882
24-03-14,2029,182,9.924
24-03-14,1948,364,10.374
24-03-14,2048,91,8.882
24-03-14,2029,182,9.924
24-03-14,2049,91,8.852
17-03-14,2047,91,8.946
17-03-14,2028,182,10.045
17-03-14,1947,364,10.414
17-03-14,1947,364,10.414
17-03-14,2047,91,8.946
17-03-14,1948,364,10.374
10-03-14,2046,91,9.011
10-03-14,2027,182,10.227
10-03-14,1946,364,10.566
10-03-14,2027,182,10.227
10-03-14,1946,364,10.566
10-03-14,2028,182,10.045
03-03-14,2045,91,9.189
03-03-14,2026,182,10.347
03-03-14,1945,364,10.61
03-03-14,2045,91,9.189
03-03-14,1945,364,10.61
03-03-14,2046,91,9.011
24-02-14,2044,91,9.116
24-02-14,2025,182,10.326
24-02-14,1944,364,10.654
24-02-14,2025,182,10.326
24-02-14,2044,91,9.116
24-02-14,2026,182,10.347
17-02-14,2043,91,9.154
17-02-14,2024,182,10.357
17-02-14,1943,364,10.672
17-02-14,1943,364,10.672
17-02-14,2043,91,9.154
17-02-14,1944,364,10.654
10-02-14,2042,91,9.182
10-02-14,2023,182,10.346
10-02-14,1942,364,10.678
10-02-14,2023,182,10.346
10-02-14,1942,364,10.678
10-02-14,2024,182,10.357
03-02-14,2041,91,9.187
03-02-14,2022,182,10.361
03-02-14,1941,364,10.686
03-02-14,2022,182,10.361
03-02-14,1941,364,10.686
03-02-14,2042,91,9.182
27-01-14,2040,91,9.174
27-01-14,2021,182,10.339
27-01-14,1940,364,10.689
27-01-14,1940,364,10.689
27-01-14,2021,182,10.339
27-01-14,2041,91,9.187
20-01-14,2039,91,9.167
20-01-14,2020,182,10.344
20-01-14,1939,364,10.665
20-01-14,2039,91,9.167
20-01-14,1939,364,10.665
20-01-14,2040,91,9.174
13-01-14,2038,91,9.315
13-01-14,2019,182,10.359
13-01-14,1938,364,10.65
13-01-14,1938,364,10.65
13-01-14,2038,91,9.315
13-01-14,2020,182,10.344
06-01-14,2037,91,9.38
06-01-14,2018,182,10.394
06-01-14,1937,364,10.594
06-01-14,2018,182,10.394
06-01-14,2037,91,9.38
06-01-14,2019,182,10.359
30-12-13,2036,91,9.4
30-12-13,2017,182,10.383
30-12-13,1934,364,10.5
30-12-13,1934,364,10.5
30-12-13,2017,182,10.383
30-12-13,1937,364,10.594
23-12-13,2035,91,9.405
23-12-13,2016,182,10.44
23-12-13,1933,364,10.5
23-12-13,2016,182,10.44
23-12-13,2035,91,9.405
23-12-13,2036,91,9.4
16-12-13,2034,91,9.432
16-12-13,2015,182,10.356
16-12-13,1932,364,10.742
16-12-13,2015,182,10.356
16-12-13,1932,364,10.742
16-12-13,1933,364,10.5
09-12-13,2033,91,9.631
09-12-13,2014,182,10.372
09-12-13,1931,364,10.761
09-12-13,2014,182,10.372
09-12-13,1931,364,10.761
09-12-13,2034,91,9.432
02-12-13,2032,91,9.76
02-12-13,2013,182,10.473
02-12-13,1930,364,10.835
02-12-13,2013,182,10.473
02-12-13,1930,364,10.835
02-12-13,2033,91,9.631
25-11-13,2031,91,9.816
25-11-13,2012,182,10.515
25-11-13,1929,364,10.939
25-11-13,1929,364,10.939
25-11-13,2012,182,10.515
25-11-13,2032,91,9.76
18-11-13,2030,91,9.979
18-11-13,2011,182,10.603
18-11-13,1928,364,10.988
18-11-13,2030,91,9.979
18-11-13,1928,364,10.988
18-11-13,2031,91,9.816
11-11-13,2029,91,9.999
11-11-13,2010,182,10.559
11-11-13,1927,364,10.994
11-11-13,2010,182,10.559
11-11-13,1927,364,10.994
11-11-13,2011,182,10.603
04-11-13,2028,91,9.984
04-11-13,2009,182,10.502
04-11-13,1926,364,10.953
04-11-13,2028,91,9.984
04-11-13,2009,182,10.502
04-11-13,2029,91,9.999
28-10-13,2027,91,9.943
28-10-13,2008,182,10.487
28-10-13,1925,364,10.83
28-10-13,2027,91,9.943
28-10-13,1925,364,10.83
28-10-13,1926,364,10.953
26-10-13,2037,364,22.363
21-10-13,2026,91,9.792
21-10-13,2007,182,10.453
21-10-13,1924,364,10.792
21-10-13,2026,91,9.792
21-10-13,1924,364,10.792
21-10-13,2008,182,10.487
14-10-13,2025,91,9.772
14-10-13,2006,182,10.185
14-10-13,1923,364,10.8
14-10-13,2025,91,9.772
14-10-13,1923,364,10.8
14-10-13,2007,182,10.453
07-10-13,2024,91,9.36
07-10-13,2005,182,9.986
07-10-13,1922,364,10.574
07-10-13,2005,182,9.986
07-10-13,1922,364,10.574
07-10-13,2006,182,10.185
30-09-13,2023,91,9.109
30-09-13,2004,182,9.67
30-09-13,1921,364,10.308
30-09-13,2023,91,9.109
30-09-13,1921,364,10.308
30-09-13,2024,91,9.36
23-09-13,2022,91,9.139
23-09-13,2003,182,9.694
23-09-13,1920,364,10.413
23-09-13,2003,182,9.694
23-09-13,1920,364,10.413
23-09-13,2004,182,9.67
16-09-13,2021,91,9.235
16-09-13,2002,182,10.089
16-09-13,1919,364,10.756
16-09-13,1919,364,10.756
16-09-13,2021,91,9.235
16-09-13,2022,91,9.139
09-09-13,2020,91,9.928
09-09-13,2001,182,10.46
09-09-13,1918,364,11.402
09-09-13,2001,182,10.46
09-09-13,2020,91,9.928
09-09-13,2002,182,10.089
02-09-13,2019,91,10.474
02-09-13,2000,182,10.835
02-09-13,1917,364,11.64
02-09-13,2000,182,10.835
02-09-13,2019,91,10.474
02-09-13,1918,364,11.402
26-08-13,2018,91,10.462
26-08-13,1999,182,10.816
26-08-13,1916,364,11.69
26-08-13,1916,364,11.69
26-08-13,1999,182,10.816
26-08-13,1917,364,11.64
19-08-13,2017,91,10.498
19-08-13,1998,182,10.732
19-08-13,1915,364,11.563
19-08-13,1915,364,11.563
19-08-13,2017,91,10.498
19-08-13,2018,91,10.462
12-08-13,2016,91,10.406
12-08-13,1997,182,9.859
12-08-13,1914,364,11.254
12-08-13,1997,182,9.859
12-08-13,1914,364,11.254
12-08-13,1998,182,10.732
05-08-13,2015,91,8.754
05-08-13,1996,182,6.872
05-08-13,1913,364,10.883
05-08-13,2015,91,8.754
05-08-13,1913,364,10.883
05-08-13,2016,91,10.406
29-07-13,2014,91,6.863
29-07-13,1995,182,6.793
29-07-13,1912,364,9.949
29-07-13,2014,91,6.863
29-07-13,1912,364,9.949
29-07-13,1996,182,6.872
22-07-13,2013,91,6.293
22-07-13,1994,182,6.484
22-07-13,1911,364,9.055
22-07-13,2013,91,6.293
22-07-13,1911,364,9.055
22-07-13,1995,182,6.793
15-07-13,2012,91,5.759
15-07-13,1993,182,6.32
15-07-13,1910,364,8.356
15-07-13,2012,91,5.759
15-07-13,1910,364,8.356
15-07-13,1994,182,6.484
08-07-13,2011,91,5.496
08-07-13,1992,182,6
08-07-13,1909,364,8.356
08-07-13,1992,182,6
08-07-13,2011,91,5.496
08-07-13,1993,182,6.32
01-07-13,2010,91,5.175
01-07-13,1991,182,5.549
01-07-13,1908,364,8.356
01-07-13,2010,91,5.175
01-07-13,1908,364,8.356
01-07-13,1909,364,8.356
24-06-13,2009,91,5.11
24-06-13,1990,182,5.642
24-06-13,1907,364,8.141
24-06-13,1990,182,5.642
24-06-13,2009,91,5.11
24-06-13,1991,182,5.549
17-06-13,2008,91,5.424
17-06-13,1989,182,6.117
17-06-13,1906,364,8.27
17-06-13,2008,91,5.424
17-06-13,1906,364,8.27
17-06-13,1907,364,8.141
10-06-13,2007,91,6.721
10-06-13,1988,182,7.899
10-06-13,1905,364,8.504
10-06-13,1905,364,8.504
10-06-13,1988,182,7.899
10-06-13,1989,182,6.117
03-06-13,2006,91,7.569
03-06-13,1987,182,8.84
03-06-13,1904,364,9.383
03-06-13,2006,91,7.569
03-06-13,1987,182,8.84
03-06-13,2007,91,6.721
27-05-13,2005,91,8.482
27-05-13,1986,182,9.43
27-05-13,1903,364,10.108
27-05-13,1903,364,10.108
27-05-13,2005,91,8.482
27-05-13,1904,364,9.383
20-05-13,2004,91,9.376
20-05-13,1985,182,9.98
20-05-13,1902,364,11.153
20-05-13,1902,364,11.153
20-05-13,2004,91,9.376
20-05-13,1986,182,9.43
13-05-13,2003,91,9.887
13-05-13,1984,182,10.279
13-05-13,1901,364,11.78
13-05-13,2003,91,9.887
13-05-13,1984,182,10.279
13-05-13,1985,182,9.98
06-05-13,2002,91,10.104
06-05-13,1983,182,10.489
06-05-13,1900,364,12.127
06-05-13,1983,182,10.489
06-05-13,1900,364,12.127
06-05-13,1901,364,11.78
29-04-13,2001,91,10.206
29-04-13,1982,182,10.604
29-04-13,1899,364,12.26
29-04-13,2001,91,10.206
29-04-13,1899,364,12.26
29-04-13,2002,91,10.104
22-04-13,2000,91,10.258
22-04-13,1981,182,10.637
22-04-13,1898,364,12.405
22-04-13,1981,182,10.637
22-04-13,1898,364,12.405
22-04-13,1982,182,10.604
15-04-13,1999,91,10.423
15-04-13,1980,182,10.827
15-04-13,1897,364,12.504
15-04-13,1897,364,12.504
15-04-13,1999,91,10.423
15-04-13,2000,91,10.258
08-04-13,1998,91,10.541
08-04-13,1979,182,10.892
08-04-13,1896,364,12.618
08-04-13,1998,91,10.541
08-04-13,1896,364,12.618
08-04-13,1980,182,10.827
01-04-13,1997,91,10.467
01-04-13,1978,182,10.803
01-04-13,1895,364,12.676
01-04-13,1895,364,12.676
01-04-13,1978,182,10.803
01-04-13,1979,182,10.892
25-03-13,1996,91,10.318
25-03-13,1977,182,10.602
25-03-13,1894,364,12.674
25-03-13,1996,91,10.318
25-03-13,1894,364,12.674
25-03-13,1997,91,10.467
18-03-13,1995,91,10.097
18-03-13,1976,182,10.182
18-03-13,1892,364,12.595
18-03-13,1976,182,10.182
18-03-13,1892,364,12.595
18-03-13,1977,182,10.602
11-03-13,1994,91,9.747
11-03-13,1975,182,9.697
11-03-13,1891,364,12.542
11-03-13,1891,364,12.542
11-03-13,1975,182,9.697
11-03-13,1995,91,10.097
04-03-13,1993,91,9.368
04-03-13,1974,182,9.084
04-03-13,1890,364,12.362
04-03-13,1890,364,12.362
04-03-13,1974,182,9.084
04-03-13,1994,91,9.747
25-02-13,1992,91,8.928
25-02-13,1973,182,8.571
25-02-13,1973,182,8.571
25-02-13,1993,91,9.368
18-02-13,1991,91,8.213
18-02-13,1972,182,8.502
18-02-13,1991,91,8.213
18-02-13,1992,91,8.928
11-02-13,1990,91,8.229
11-02-13,1971,182,8.45
11-02-13,1990,91,8.229
11-02-13,1972,182,8.502
04-02-13,1989,91,8.164
04-02-13,1970,182,8.065
04-02-13,1889,364,11.662
04-02-13,1889,364,11.662
04-02-13,1970,182,8.065
04-02-13,1971,182,8.45
28-01-13,1988,91,8.036
28-01-13,1969,182,8.066
28-01-13,1988,91,8.036
28-01-13,1989,91,8.164
21-01-13,1987,91,8.052
21-01-13,1968,182,8.088
21-01-13,1987,91,8.052
21-01-13,1969,182,8.066
14-01-13,1986,91,8.105
14-01-13,1967,182,8.093
14-01-13,1986,91,8.105
14-01-13,1968,182,8.088
07-01-13,1985,91,8.122
07-01-13,1966,182,8.1
07-01-13,1886,364,11.67
07-01-13,1985,91,8.122
07-01-13,1966,182,8.1
07-01-13,1967,182,8.093
31-12-12,1984,91,8.138
31-12-12,1965,182,8.1
31-12-12,1984,91,8.138
31-12-12,1886,364,11.67
24-12-12,1983,91,8.142
24-12-12,1964,182,9.046
24-12-12,1964,182,9.046
24-12-12,1965,182,8.1
22-12-12,2068,182,9.517
17-12-12,1982,91,8.174
17-12-12,1963,182,9.336
17-12-12,1982,91,8.174
17-12-12,1983,91,8.142
10-12-12,1981,91,8.339
10-12-12,1962,182,9.08
10-12-12,1962,182,9.08
10-12-12,1963,182,9.336
03-12-12,1980,91,8.445
03-12-12,1961,182,9.336
03-12-12,1884,364,11.709
03-12-12,1980,91,8.445
03-12-12,1961,182,9.336
03-12-12,1981,91,8.339
26-11-12,1979,91,8.987
26-11-12,1960,182,9.773
26-11-12,1979,91,8.987
26-11-12,1884,364,11.709
19-11-12,1978,91,9.621
19-11-12,1959,182,10.325
19-11-12,1978,91,9.621
19-11-12,1960,182,9.773
12-11-12,1977,91,10.346
12-11-12,1958,182,10.923
12-11-12,1883,364,11.943
12-11-12,1883,364,11.943
12-11-12,1958,182,10.923
12-11-12,1959,182,10.325
05-11-12,1976,91,10.237
05-11-12,1957,182,10.854
05-11-12,1976,91,10.237
05-11-12,1977,91,10.346
29-10-12,1975,91,9.945
29-10-12,1956,182,10.761
29-10-12,1975,91,9.945
29-10-12,1957,182,10.854
22-10-12,1974,91,9.437
22-10-12,1955,182,10.484
22-10-12,1955,182,10.484
22-10-12,1956,182,10.761
15-10-12,1973,91,8.962
15-10-12,1954,182,10.307
15-10-12,1973,91,8.962
15-10-12,1974,91,9.437
08-10-12,1972,91,8.439
08-10-12,1953,182,10.194
08-10-12,1882,364,10.57
08-10-12,1972,91,8.439
08-10-12,1882,364,10.57
08-10-12,1954,182,10.307
01-10-12,1971,91,8.093
01-10-12,1952,182,9.888
01-10-12,1952,182,9.888
01-10-12,1953,182,10.194
24-09-12,1970,91,7.647
24-09-12,1951,182,9.265
24-09-12,1951,182,9.265
24-09-12,1971,91,8.093
17-09-12,1969,91,7.515
17-09-12,1950,182,8.993
17-09-12,1950,182,8.993
17-09-12,1970,91,7.647
10-09-12,1968,91,7.808
10-09-12,1949,182,9.351
10-09-12,1881,364,10.336
10-09-12,1881,364,10.336
10-09-12,1968,91,7.808
10-09-12,1969,91,7.515
03-09-12,1967,91,8.119
03-09-12,1948,182,9.848
03-09-12,1948,182,9.848
03-09-12,1949,182,9.351
01-09-12,1871,364,21.961
01-09-12,1933,91,20.696
01-09-12,1915,182,20.78
27-08-12,1966,91,8.583
27-08-12,1947,182,10.032
27-08-12,1966,91,8.583
27-08-12,1967,91,8.119
20-08-12,1965,91,10.267
20-08-12,1946,182,11.366
20-08-12,1965,91,10.267
20-08-12,1947,182,10.032
13-08-12,1964,91,12
13-08-12,1945,182,12.638
13-08-12,1879,364,12.853
13-08-12,1879,364,12.853
13-08-12,1945,182,12.638
13-08-12,1946,182,11.366
06-08-12,1963,91,12.864
06-08-12,1944,182,13.038
06-08-12,1963,91,12.864
06-08-12,1964,91,12
30-07-12,1962,91,13.226
30-07-12,1943,182,13.379
30-07-12,1943,182,13.379
30-07-12,1944,182,13.038
23-07-12,1961,91,12.929
23-07-12,1942,182,12.801
23-07-12,1961,91,12.929
23-07-12,1962,91,13.226
16-07-12,1960,91,12.001
16-07-12,1941,182,12.354
16-07-12,1960,91,12.001
16-07-12,1942,182,12.801
09-07-12,1959,91,10.835
09-07-12,1940,182,11.415
09-07-12,1877,364,13
09-07-12,1877,364,13
09-07-12,1959,91,10.835
09-07-12,1941,182,12.354
02-07-12,1958,91,10.78
02-07-12,1939,182,11.091
02-07-12,1958,91,10.78
02-07-12,1940,182,11.415
25-06-12,1957,91,10.675
25-06-12,1938,182,10.857
25-06-12,1938,182,10.857
25-06-12,1939,182,11.091
18-06-12,1956,91,10.537
18-06-12,1937,182,10.737
18-06-12,1956,91,10.537
18-06-12,1957,91,10.675
11-06-12,1955,91,9.801
11-06-12,1936,182,10.75
11-06-12,1876,364,12.431
11-06-12,1936,182,10.75
11-06-12,1955,91,9.801
11-06-12,1937,182,10.737
04-06-12,1954,91,9.336
04-06-12,1935,182,10.327
04-06-12,1935,182,10.327
04-06-12,1876,364,12.431
28-05-12,1953,91,9.865
28-05-12,1934,182,10.915
28-05-12,1934,182,10.915
28-05-12,1954,91,9.336
21-05-12,1952,91,10.075
21-05-12,1933,182,12.078
21-05-12,1933,182,12.078
21-05-12,1953,91,9.865
14-05-12,1951,91,11.381
14-05-12,1932,182,13.076
14-05-12,1875,364,12.431
14-05-12,1951,91,11.381
14-05-12,1875,364,12.431
14-05-12,1952,91,10.075
07-05-12,1950,91,13.382
07-05-12,1931,182,14.775
07-05-12,1950,91,13.382
07-05-12,1932,182,13.076
30-04-12,1949,91,14.992
30-04-12,1930,182,16.623
30-04-12,1949,91,14.992
30-04-12,1931,182,14.775
23-04-12,1948,91,15.93
23-04-12,1929,182,16.638
23-04-12,1948,91,15.93
23-04-12,1930,182,16.623
16-04-12,1947,91,16.078
16-04-12,1928,182,16.737
16-04-12,1947,91,16.078
16-04-12,1929,182,16.638
09-04-12,1946,91,16.34
09-04-12,1927,182,16.96
09-04-12,1874,364,16.915
09-04-12,1874,364,16.915
09-04-12,1946,91,16.34
09-04-12,1928,182,16.737
02-04-12,1945,91,16.728
02-04-12,1926,182,17.66
02-04-12,1926,182,17.66
02-04-12,1927,182,16.96
26-03-12,1944,91,17.006
26-03-12,1925,182,17.726
26-03-12,1944,91,17.006
26-03-12,1945,91,16.728
19-03-12,1943,91,17.461
19-03-12,1924,182,18.112
19-03-12,1924,182,18.112
19-03-12,1925,182,17.726
12-03-12,1942,91,17.983
12-03-12,1923,182,18.377
12-03-12,1873,364,17.035
12-03-12,1942,91,17.983
12-03-12,1873,364,17.035
12-03-12,1943,91,17.461
05-03-12,1941,91,18.745
05-03-12,1922,182,18.757
05-03-12,1922,182,18.757
05-03-12,1923,182,18.377
27-02-12,1940,91,19.152
27-02-12,1921,182,19.247
27-02-12,1940,91,19.152
27-02-12,1941,91,18.745
20-02-12,1939,91,19.332
20-02-12,1920,182,19.539
20-02-12,1920,182,19.539
20-02-12,1921,182,19.247
13-02-12,1938,91,19.807
13-02-12,1919,182,20.024
13-02-12,1919,182,20.024
13-02-12,1939,91,19.332
06-02-12,1937,91,20.503
06-02-12,1918,182,20.723
06-02-12,1872,364,20.956
06-02-12,1937,91,20.503
06-02-12,1872,364,20.956
06-02-12,1938,91,19.807
01-02-12,1932,91,19.905
01-02-12,1914,182,20.714
31-01-12,1918,182,20.723
30-01-12,1936,91,20.614
30-01-12,1917,182,20.801
30-01-12,1936,91,20.614
23-01-12,1935,91,20.769
23-01-12,1916,182,20.914
23-01-12,1935,91,20.769
23-01-12,1917,182,20.801
16-01-12,1934,91,20.799
16-01-12,1915,182,20.78
16-01-12,1934,91,20.799
16-01-12,1916,182,20.914
09-01-12,1933,91,20.696
09-01-12,1914,182,20.714
09-01-12,1871,364,21.961
02-01-12,1932,91,19.905
02-01-12,1913,182,20.244
02-01-12,1913,182,20.244
26-12-11,1912,182,18.576
19-12-11,1911,182,18.445
12-12-11,1910,182,17.679
12-12-11,1870,364,20.955
05-12-11,1909,182,16.543
28-11-11,1927,91,16.601
28-11-11,1908,182,16.471
21-11-11,1926,91,16.202
21-11-11,1907,182,15.738
14-11-11,1925,91,15.998
14-11-11,1906,182,15.661
14-11-11,1867,364,16.617
07-11-11,1924,91,15.743
07-11-11,1905,182,15.742
31-10-11,1923,91,15.313
31-10-11,1904,182,15.364
24-10-11,1922,91,15.091
24-10-11,1903,182,15.287
17-10-11,1921,91,14.997
17-10-11,1902,182,14.973
10-10-11,1920,91,14.836
10-10-11,1901,182,14.283
10-10-11,1866,364,14.499
03-10-11,1919,91,13.741
03-10-11,1900,182,13.493
26-09-11,1918,91,13.193
26-09-11,1899,182,12.622
19-09-11,1917,91,12.57
19-09-11,1898,182,11.935
12-09-11,1916,91,11.685
12-09-11,1897,182,9.285
12-09-11,1865,364,12.536
05-09-11,1915,91,10.281
29-08-11,1914,91,9.708
29-08-11,1896,182,10.356
22-08-11,1913,91,9.258
15-08-11,1912,91,9.145
15-08-11,1895,182,10.308
15-08-11,1864,364,11.066
08-08-11,1911,91,9.015
01-08-11,1910,91,9.01
01-08-11,1894,182,9.799
25-07-11,1909,91,9.004
18-07-11,1908,91,8.999
18-07-11,1893,182,9.845
11-07-11,1907,91,8.954
11-07-11,1863,364,10.22
04-07-11,1906,91,8.988
04-07-11,1892,182,9.854
27-06-11,1905,91,8.995
20-06-11,1904,91,9.006
20-06-11,1891,182,9.906
13-06-11,1903,91,9.016
13-06-11,1862,364,10.249
06-06-11,1902,91,8.798
06-06-11,1890,182,9.949
30-05-11,1901,91,7.942
23-05-11,1900,91,6.409
23-05-11,1889,182,5.444
16-05-11,1899,91,4.796
16-05-11,1861,364,6.772
09-05-11,1898,91,4.018
09-05-11,1888,182,3.691
02-05-11,1897,91,3.577
25-04-11,1896,91,3.524
25-04-11,1887,182,3.58
18-04-11,1895,91,3.461
18-04-11,1860,364,4.998
11-04-11,1894,91,3.157
11-04-11,1886,182,3.442
04-04-11,1893,91,2.989
28-03-11,1892,91,2.905
28-03-11,1885,182,3.271
21-03-11,1891,91,2.784
14-03-11,1890,91,2.76
14-03-11,1884,182,2.848
07-03-11,1889,91,2.627
07-03-11,1859,364,3.996
28-02-11,1888,91,2.603
28-02-11,1883,182,2.764
21-02-11,1887,91,2.592
14-02-11,1886,91,2.595
14-02-11,1882,182,2.749
07-02-11,1885,91,2.555
07-02-11,1858,364,3.722
31-01-11,1884,91,2.519
31-01-11,1881,182,2.728
24-01-11,1883,91,2.455
24-01-11,1856,364,3.693
17-01-11,1882,91,2.409
10-01-11,1880,182,2.675
03-01-11,1881,91,2.357
27-12-10,1856,182,2.631
20-12-10,1855,91,2.313
13-12-10,1862,182,2.548
13-12-10,1854,364,3.36
06-12-10,1861,91,2.239
29-11-10,1860,182,2.464
22-11-10,1859,91,2.242
15-11-10,1858,182,2.256
08-11-10,1857,91,2.18
01-11-10,1856,182,2.132
25-10-10,1855,91,2.116
18-10-10,1854,182,2.111
11-10-10,1860,91,2.125
11-10-10,1853,364,3.06
04-10-10,1859,182,2.093
27-09-10,1858,91,2.022
20-09-10,1857,182,2.113
13-09-10,1856,91,2.047
06-09-10,1855,182,2.161
30-08-10,1854,91,2.075
23-08-10,1853,182,2.094
16-08-10,1872,91,1.852
16-08-10,1852,364,2.962
09-08-10,1871,182,1.958
02-08-10,1870,91,1.566
26-07-10,1855,182,1.742
19-07-10,1854,91,1.462
12-07-10,1853,182,1.687
05-07-10,1852,91,1.733
28-06-10,1851,182,2.439
21-06-10,1850,91,2.62
14-06-10,1856,182,3.273
14-06-10,1849,364,4.138
07-06-10,1855,91,3.343
31-05-10,1854,182,3.971
24-05-10,1853,91,3.971
17-05-10,1852,182,4.514
10-05-10,1851,91,4.454
03-05-10,1850,182,4.735
26-04-10,1849,91,4.883
19-04-10,1857,182,5.256
19-04-10,1848,364,6.009
12-04-10,1856,91,5.45
05-04-10,1855,182,5.893
29-03-10,1854,91,5.74
22-03-10,1853,182,6.227
15-03-10,1852,91,6.052
08-03-10,1851,182,6.443
01-03-10,1850,91,6.139
22-02-10,1849,182,6.514
15-02-10,1848,91,6.199
08-02-10,1854,182,6.7
08-02-10,1847,364,7.383
01-02-10,1853,91,6.226
25-01-10,1852,182,6.9
18-01-10,1851,91,6.502
11-01-10,1850,182,7.136
04-01-10,1849,91,6.612
28-12-09,1848,182,7.245
21-12-09,1847,91,6.71
14-12-09,1854,182,7.511
14-12-09,1846,364,8.008
07-12-09,1853,91,6.937
30-11-09,1852,182,7.943
23-11-09,1851,91,7.198
16-11-09,1850,182,8.061
09-11-09,1849,91,7.232
02-11-09,1848,182,8.07
26-10-09,1847,91,7.264
19-10-09,1846,182,7.969
12-10-09,1851,91,7.248
12-10-09,1845,364,8.438
05-10-09,1850,182,7.991
28-09-09,1849,91,7.303
21-09-09,1848,182,8.073
14-09-09,1847,91,7.272
07-09-09,1846,182,8.103
31-08-09,1845,91,7.223
24-08-09,1844,182,8.121
17-08-09,1844,91,7.261
17-08-09,1844,364,8.712
10-08-09,1843,182,8.126
03-08-09,1843,91,7.263
27-07-09,1842,182,8.151
20-07-09,1842,91,7.264
13-07-09,1841,182,8.155
06-07-09,1841,91,7.178
29-06-09,2073,91,7.057
29-06-09,2074,182,8.153
22-06-09,2071,91,7.367
22-06-09,2072,182,8.077
15-06-09,2069,91,7.309
15-06-09,2070,182,8.039
08-06-09,2067,91,7.431
08-06-09,2068,182,8.362
01-06-09,2065,91,7.494
01-06-09,2066,182,8.674
25-05-09,2063,91,7.507
25-05-09,2064,182,8.875
18-05-09,2061,91,7.549
18-05-09,2062,182,8.914
11-05-09,2059,91,7.358
11-05-09,2060,182,8.686
04-05-09,2057,91,7.381
04-05-09,2058,182,8.603
27-04-09,2055,91,7.314
27-04-09,2056,182,8.465
20-04-09,2053,91,7.338
20-04-09,2054,182,8.471
13-04-09,2051,91,7.341
13-04-09,2052,182,8.288
06-04-09,2049,91,7.355
06-04-09,2050,182,8.134
30-03-09,2047,91,7.359
30-03-09,2048,182,8.228
23-03-09,2045,91,7.36
23-03-09,2046,182,8.101
16-03-09,2043,91,7.292
16-03-09,2044,182,7.853
09-03-09,2041,91,7.294
09-03-09,2042,182,7.721
02-03-09,2039,91,7.235
02-03-09,2040,182,7.661
23-02-09,2037,91,7.157
23-02-09,2038,182,7.646
16-02-09,2035,91,7.346
16-02-09,2036,182,7.618
09-02-09,2033,91,7.7
09-02-09,2034,182,7.995
02-02-09,2031,91,7.991
02-02-09,2032,182,8.285
26-01-09,2029,91,8.391
26-01-09,2030,182,8.854
19-01-09,2027,91,8.445
19-01-09,2028,182,8.858
12-01-09,2025,91,8.488
12-01-09,2026,182,8.972
05-01-09,2023,91,8.533
05-01-09,2024,182,9.038
29-12-08,2021,91,8.537
29-12-08,2022,182,9.061
22-12-08,2019,91,8.604
22-12-08,2020,182,9.063
15-12-08,2017,91,8.557
15-12-08,2018,182,9.007
08-12-08,2015,91,8.619
08-12-08,2016,182,9.078
01-12-08,2013,91,8.623
01-12-08,2014,182,9.173
24-11-08,2011,91,8.57
24-11-08,2012,182,9.103
17-11-08,2009,91,8.522
17-11-08,2010,182,8.964
10-11-08,2007,91,8.362
10-11-08,2008,182,8.779
03-11-08,2005,91,8.12
03-11-08,2006,182,8.596
27-10-08,2003,91,7.786
27-10-08,2004,182,8.44
20-10-08,2001,91,7.767
20-10-08,2002,182,8.391
13-10-08,1999,91,7.758
13-10-08,2000,182,8.292
06-10-08,1997,91,7.695
06-10-08,1998,182,8.167
29-09-08,1995,91,7.697
29-09-08,1996,182,8.117
22-09-08,1993,91,7.66
22-09-08,1994,182,8.046
15-09-08,1991,91,7.689
15-09-08,1992,182,8.025
08-09-08,1989,91,7.686
08-09-08,1990,182,8.058
01-09-08,1987,91,7.741
01-09-08,1988,182,8.146
25-08-08,1985,91,7.812
25-08-08,1986,182,8.305
18-08-08,1983,91,7.946
18-08-08,1984,182,8.607
11-08-08,1981,91,8.1
11-08-08,1982,182,8.93
04-08-08,1979,91,8.21
04-08-08,1980,182,9.159
28-07-08,1977,91,8.213
28-07-08,1978,182,9.185
21-07-08,1975,91,8.134
21-07-08,1976,182,9.144
14-07-08,1973,91,7.953
14-07-08,1974,182,9.036
07-07-08,1971,91,7.824
07-07-08,1972,182,8.991
30-06-08,1969,91,7.854
30-06-08,1970,182,8.981
23-06-08,1967,91,7.781
23-06-08,1968,182,8.875
16-06-08,1965,91,7.64
16-06-08,1966,182,8.854
09-06-08,1963,91,7.64
09-06-08,1964,182,8.758
02-06-08,1961,91,7.716
02-06-08,1962,182,8.751
26-05-08,1959,91,7.758
26-05-08,1960,182,8.744
19-05-08,1957,91,7.691
19-05-08,1958,182,8.756
12-05-08,1955,91,7.764
12-05-08,1956,182,8.778
05-05-08,1953,91,7.837
05-05-08,1954,182,8.738
28-04-08,1951,91,7.656
28-04-08,1952,182,8.582
21-04-08,1949,91,7.392
21-04-08,1950,182,8.415
14-04-08,1947,91,7.36
14-04-08,1948,182,8.244
07-04-08,1945,91,6.976
07-04-08,1946,182,7.942
31-03-08,1943,91,6.878
31-03-08,1944,182,7.81
24-03-08,1941,91,6.863
24-03-08,1942,182,7.782
17-03-08,1939,91,6.868
17-03-08,1940,182,7.724
10-03-08,1937,91,6.894
10-03-08,1938,182,7.763
03-03-08,1935,91,6.956
03-03-08,1936,182,7.991
25-02-08,1933,91,7.069
25-02-08,1934,182,8.137
18-02-08,1931,91,7.291
18-02-08,1932,182,8.313
11-02-08,1929,91,7.424
11-02-08,1930,182,8.413
04-02-08,1927,91,7.334
04-02-08,1928,182,8.355
28-01-08,1925,91,7.115
28-01-08,1926,182,8.089
21-01-08,1923,91,6.999
21-01-08,1924,182,8.032
14-01-08,1921,91,6.891
14-01-08,1922,182,8.056
07-01-08,1919,91,6.796
07-01-08,1920,182,8.187
24-12-07,1917,91,6.892
24-12-07,1918,182,7.889
17-12-07,1915,91,6.839
17-12-07,1916,182,7.858
10-12-07,1913,91,6.865
10-12-07,1914,182,7.842
03-12-07,1911,91,6.875
03-12-07,1912,182,7.889
26-11-07,1909,91,6.925
26-11-07,1910,182,7.934
19-11-07,1907,91,7.298
19-11-07,1908,182,8.056
12-11-07,1905,91,7.932
12-11-07,1906,182,8.142
05-11-07,1903,91,7.922
05-11-07,1904,182,8.018
29-10-07,1901,91,7.724
29-10-07,1902,182,7.914
22-10-07,1899,91,7.674
22-10-07,1900,182,7.842
15-10-07,1897,91,7.556
15-10-07,1898,182,7.841
08-10-07,1895,91,7.452
08-10-07,1896,182,7.805
01-10-07,1893,91,7.346
01-10-07,1894,182,7.798
24-09-07,1891,91,7.341
24-09-07,1892,182,7.795
17-09-07,1889,91,7.332
17-09-07,1890,182,7.801
10-09-07,1887,91,7.352
10-09-07,1888,182,7.804
03-09-07,1885,91,7.361
03-09-07,1886,182,7.874
27-08-07,1883,91,7.384
27-08-07,1884,182,7.924
20-08-07,1881,91,7.37
20-08-07,1882,182,7.99
13-08-07,1879,91,7.342
13-08-07,1880,182,8.105
06-08-07,1877,91,7.084
06-08-07,1878,182,7.927
30-07-07,1875,91,6.902
30-07-07,1876,182,7.575
23-07-07,1873,91,6.565
23-07-07,1874,182,7.305
16-07-07,1871,91,6.463
16-07-07,1872,182,7.115
09-07-07,1869,91,6.345
09-07-07,1870,182,6.959
02-07-07,1867,91,6.345
02-07-07,1868,182,6.876
25-06-07,1865,91,6.398
25-06-07,1866,182,6.906
18-06-07,1863,91,6.487
18-06-07,1864,182,7.028
11-06-07,1861,91,6.575
11-06-07,1862,182,7.297
04-06-07,1859,91,6.643
04-06-07,1860,182,7.521
28-05-07,1857,91,6.744
28-05-07,1858,182,7.74
21-05-07,1855,91,6.774
21-05-07,1856,182,7.99
14-05-07,1853,91,6.782
14-05-07,1854,182,8.042
07-05-07,1851,91,6.795
07-05-07,1852,182,8.138
30-04-07,1849,91,6.795
30-04-07,1850,182,8.101
23-04-07,1847,91,6.797
23-04-07,1848,182,7.985
16-04-07,1845,91,6.653
16-04-07,1846,182,7.918
09-04-07,1843,91,6.51
09-04-07,1844,182,7.822
02-04-07,1841,91,6.474
02-04-07,1842,182,7.814
26-03-07,1839,91,6.43
26-03-07,1840,182,7.921
19-03-07,1837,91,6.351
19-03-07,1838,182,7.927
12-03-07,1835,91,6.262
12-03-07,1836,182,7.979
05-03-07,1833,91,6.219
05-03-07,1834,182,8.067
26-02-07,1831,91,6.242
26-02-07,1832,182,8.253
19-02-07,1829,91,6.245
19-02-07,1830,182,8.458
12-02-07,1827,91,6.214
12-02-07,1828,182,8.67
05-02-07,1825,91,6.193
05-02-07,1826,182,8.873
29-01-07,1823,91,6.129
29-01-07,1824,182,8.736
22-01-07,1821,91,6.081
22-01-07,1822,182,8.51
15-01-07,1819,91,5.991
15-01-07,1820,182,8.27
08-01-07,1817,91,5.921
08-01-07,1818,182,8.123
01-01-07,1815,91,5.876
01-01-07,1816,182,7.772
25-12-06,1813,91,5.831
25-12-06,1814,182,7.372
18-12-06,1811,91,5.763
18-12-06,1812,182,7.328
11-12-06,1809,91,5.636
11-12-06,1810,182,7.282
04-12-06,1807,91,5.68
04-12-06,1808,182,7.312
27-11-06,1805,91,5.857
27-11-06,1806,182,7.525
20-11-06,1803,91,6.25
20-11-06,1804,182,7.838
13-11-06,1801,91,6.648
13-11-06,1802,182,8.159
06-11-06,1799,91,6.898
06-11-06,1800,182,8.423
30-10-06,1797,91,6.914
30-10-06,1798,182,8.484
23-10-06,1795,91,6.898
23-10-06,1796,182,8.467
16-10-06,1793,91,6.849
16-10-06,1794,182,8.373
09-10-06,1791,91,6.79
09-10-06,1792,182,8.246
02-10-06,1789,91,6.681
02-10-06,1790,182,7.99
25-09-06,1787,91,6.62
25-09-06,1788,182,7.816
18-09-06,1785,91,6.511
18-09-06,1786,182,7.533
11-09-06,1783,91,6.388
11-09-06,1784,182,7.331
04-09-06,1781,91,6.293
04-09-06,1782,182,7.1
28-08-06,1779,91,6.134
28-08-06,1780,182,6.73
21-08-06,1777,91,5.993
21-08-06,1778,182,6.575
14-08-06,1775,91,5.849
14-08-06,1776,182,6.326
07-08-06,1773,91,5.845
07-08-06,1774,182,6.228
31-07-06,1771,91,5.708
31-07-06,1772,182,6.125
24-07-06,1769,91,5.74
24-07-06,1770,182,6.222
17-07-06,1767,91,5.895
17-07-06,1768,182,6.388
10-07-06,1765,91,6.001
10-07-06,1766,182,6.619
03-07-06,1763,91,6.129
03-07-06,1764,182,6.73
26-06-06,1761,91,6.312
26-06-06,1762,182,6.92
19-06-06,1759,91,6.547
19-06-06,1760,182,7.257
12-06-06,1757,91,6.686
12-06-06,1758,182,7.419
05-06-06,1755,91,6.84
05-06-06,1756,182,7.681
29-05-06,1753,91,6.971
29-05-06,1754,182,7.744
22-05-06,1751,91,7.079
22-05-06,1752,182,7.661
15-05-06,1749,91,7.099
15-05-06,1750,182,7.478
08-05-06,1747,91,7.082
08-05-06,1748,182,7.452
01-05-06,1745,91,6.841
01-05-06,1746,182,7.045
24-04-06,1743,91,6.791
24-04-06,1744,182,7.009
17-04-06,1741,91,6.951
17-04-06,1742,182,7.177
10-04-06,1739,91,7.088
10-04-06,1740,182,7.374
03-04-06,1737,91,7.233
03-04-06,1738,182,7.875
27-03-06,1735,91,7.345
27-03-06,1736,182,8.126
20-03-06,1733,91,7.622
20-03-06,1734,182,8.602
13-03-06,1731,91,7.686
13-03-06,1732,182,8.653
06-03-06,1729,91,7.763
06-03-06,1730,182,8.703
27-02-06,1727,91,7.859
27-02-06,1728,182,8.77
20-02-06,1725,91,7.945
20-02-06,1726,182,8.827
13-02-06,1723,91,8.085
13-02-06,1724,182,8.869
06-02-06,1721,91,8.21
06-02-06,1722,182,8.951
30-01-06,1719,91,8.247
30-01-06,1720,182,8.937
23-01-06,1717,91,8.245
23-01-06,1718,182,8.907
16-01-06,1715,91,8.258
16-01-06,1716,182,8.819
09-01-06,1713,91,8.261
09-01-06,1714,182,8.792
02-01-06,1711,91,8.155
02-01-06,1712,182,8.732
26-12-05,1709,91,8.14
26-12-05,1710,182,8.634
19-12-05,1707,91,8.14
19-12-05,1708,182,8.509
12-12-05,1705,91,8.043
12-12-05,1706,182,8.406
05-12-05,1703,91,7.956
05-12-05,1704,182,8.403
28-11-05,1701,91,7.858
28-11-05,1702,182,8.366
21-11-05,1699,91,7.855
21-11-05,1700,182,8.367
14-11-05,1697,91,7.807
14-11-05,1698,182,8.358
07-11-05,1695,91,7.853
07-11-05,1696,182,8.386
31-10-05,1693,91,7.944
31-10-05,1694,182,8.396
24-10-05,1691,91,8.057
24-10-05,1692,182,8.458
17-10-05,1689,91,8.217
17-10-05,1690,182,8.531
10-10-05,1687,91,8.317
10-10-05,1688,182,8.613
03-10-05,1685,91,8.406
03-10-05,1686,182,8.616
26-09-05,1683,91,8.488
26-09-05,1684,182,8.646
19-09-05,1681,91,8.536
19-09-05,1682,182,8.862
12-09-05,1679,91,8.622
12-09-05,1680,182,8.989
05-09-05,1677,91,8.663
05-09-05,1678,182,9.096
29-08-05,1675,91,8.693
29-08-05,1676,182,9.079
22-08-05,1673,91,8.661
22-08-05,1674,182,9.09
15-08-05,1671,91,8.663
15-08-05,1672,182,9.093
08-08-05,1669,91,8.63
08-08-05,1670,182,9.093
01-08-05,1667,91,8.63
01-08-05,1668,182,9.112
25-07-05,1665,91,8.592
25-07-05,1666,182,9.117
18-07-05,1663,91,8.597
18-07-05,1664,182,9.051
11-07-05,1661,91,8.573
11-07-05,1662,182,9.067
04-07-05,1659,91,8.586
04-07-05,1660,182,9.084
27-06-05,1657,91,8.462
27-06-05,1658,182,8.977
20-06-05,1655,91,8.486
20-06-05,1656,182,8.943
13-06-05,1653,91,8.497
13-06-05,1654,182,8.896
06-06-05,1651,91,8.563
06-06-05,1652,182,9.023
30-05-05,1649,91,8.641
30-05-05,1650,182,9.052
23-05-05,1647,91,8.662
23-05-05,1648,182,9.057
16-05-05,1645,91,8.666
16-05-05,1646,182,9.05
09-05-05,1643,91,8.67
09-05-05,1644,182,9.054
02-05-05,1641,91,8.66
02-05-05,1642,182,8.901
25-04-05,1639,91,8.663
25-04-05,1640,182,8.981
18-04-05,1637,91,8.687
18-04-05,1638,182,8.75
11-04-05,1635,91,8.699
11-04-05,1636,182,8.973
04-04-05,1633,91,8.673
04-04-05,1634,182,8.959
28-03-05,1631,91,8.62
28-03-05,1632,182,8.854
21-03-05,1629,91,8.612
21-03-05,1630,182,8.853
14-03-05,1627,91,8.636
14-03-05,1628,182,8.97
07-03-05,1625,91,8.652
07-03-05,1626,182,8.969
28-02-05,1623,91,8.659
28-02-05,1624,182,8.94
21-02-05,1621,91,8.615
21-02-05,1622,182,8.937
14-02-05,1619,91,8.634
14-02-05,1620,182,8.984
07-02-05,1617,91,8.44
07-02-05,1618,182,8.998
31-01-05,1615,91,8.301
31-01-05,1616,182,8.839
24-01-05,1613,91,8.216
24-01-05,1614,182,8.634
17-01-05,1611,91,8.277
17-01-05,1612,182,8.771
10-01-05,1609,91,8.247
10-01-05,1610,182,8.761
03-01-05,1607,91,8.254
03-01-05,1608,182,8.781
27-12-04,1606,91,8.291
27-12-04,1606,182,8.795
13-12-04,1668,91,8.65
13-12-04,1669,182,7.998
06-12-04,1666,91,7.189
06-12-04,1667,182,7.776
29-11-04,1664,91,6.259
29-11-04,1665,182,7.088
22-11-04,1662,91,5.182
22-11-04,1663,182,6.27
15-11-04,1660,91,4.748
15-11-04,1661,182,5.692
08-11-04,1658,91,4.6
08-11-04,1659,182,5.565
01-11-04,1656,91,4.518
01-11-04,1657,182,5.534
25-10-04,1654,91,4.5
25-10-04,1655,182,5.5
18-10-04,1652,91,4.332
18-10-04,1653,182,5.577
11-10-04,1650,91,3.732
11-10-04,1651,182,5.006
04-10-04,1648,91,3.236
04-10-04,1649,182,4.568
27-09-04,1646,91,2.906
27-09-04,1647,182,4.292
20-09-04,1644,91,2.779
20-09-04,1645,182,4.064
13-09-04,1642,91,2.7
13-09-04,1643,182,3.968
06-09-04,1640,91,2.609
06-09-04,1641,182,3.783
30-08-04,1638,91,2.487
30-08-04,1639,182,3.674
23-08-04,1636,91,2.405
23-08-04,1637,182,3.548
16-08-04,1634,91,2.256
16-08-04,1635,182,3.497
09-08-04,1632,91,2.177
09-08-04,1633,182,3.437
02-08-04,1630,91,2.011
02-08-04,1631,182,3.291
26-07-04,1628,91,1.876
26-07-04,1629,182,3.128
19-07-04,1626,91,1.701
19-07-04,1627,182,2.935
12-07-04,1624,91,1.613
12-07-04,1625,182,2.911
05-07-04,1622,91,1.636
05-07-04,1623,182,2.931
28-06-04,1620,91,1.717
28-06-04,1621,182,3.029
21-06-04,1618,91,1.978
21-06-04,1619,182,3.121
14-06-04,1616,91,2.065
14-06-04,1617,182,3.203
07-06-04,1614,91,2.299
07-06-04,1615,182,3.23
31-05-04,1612,91,2.6
31-05-04,1613,182,3.381
24-05-04,1610,91,2.937
24-05-04,1611,182,3.599
17-05-04,1608,91,2.992
17-05-04,1609,182,3.685
10-05-04,1606,91,2.984
10-05-04,1607,182,3.684
03-05-04,1604,91,2.838
03-05-04,1605,182,3.685
26-04-04,1602,91,2.611
26-04-04,1603,182,3.516
19-04-04,1600,91,2.17
19-04-04,1601,182,3.361
12-04-04,1598,91,1.927
12-04-04,1599,182,2.924
05-04-04,1596,91,1.732
05-04-04,1597,182,2.666
29-03-04,1594,91,1.623
29-03-04,1595,182,2.625
22-03-04,1592,91,1.582
22-03-04,1593,182,2.61
15-03-04,1590,91,1.589
15-03-04,1591,182,2.513
08-03-04,1588,91,1.59
08-03-04,1589,182,2.47
01-03-04,1586,91,1.574
01-03-04,1587,182,2.429
23-02-04,1584,91,1.534
23-02-04,1585,182,2.356
16-02-04,1582,91,1.554
16-02-04,1583,182,2.208
09-02-04,1580,91,1.591
09-02-04,1581,182,2.366
02-02-04,1578,91,1.606
02-02-04,1579,182,2.407
26-01-04,1576,91,1.614
26-01-04,1577,182,2.418
19-01-04,1574,91,1.601
19-01-04,1575,182,2.379
12-01-04,1572,91,1.59
12-01-04,1573,182,2.349
05-01-04,1570,91,1.515
05-01-04,1571,182,2.247
29-12-03,1568,91,1.405
29-12-03,1569,182,2.076
22-12-03,1566,91,1.46
22-12-03,1567,182,2.1
15-12-03,1564,91,1.412
15-12-03,1565,182,2.05
08-12-03,1562,91,1.526
08-12-03,1563,182,2.127
01-12-03,1560,91,1.488
01-12-03,1561,182,2.076
24-11-03,1558,91,1.381
24-11-03,1559,182,1.963
17-11-03,1556,91,1.357
17-11-03,1557,182,1.946
10-11-03,1554,91,1.249
10-11-03,1555,182,1.718
03-11-03,1552,91,1.133
03-11-03,1553,182,1.894
27-10-03,1550,91,1.074
27-10-03,1551,182,1.729
20-10-03,1548,91,1.038
20-10-03,1549,182,1.445
13-10-03,1546,91,0.93
13-10-03,1547,182,1.396
06-10-03,1544,91,0.98
06-10-03,1545,182,1.612
29-09-03,1542,91,0.849
29-09-03,1543,182,1.351
22-09-03,1540,91,0.783
22-09-03,1541,182,1.34
15-09-03,1539,91,0.832
15-09-03,1539,182,1.371
08-09-03,1538,91,0.84
08-09-03,1538,182,1.329
01-09-03,1537,91,0.844
01-09-03,1537,182,1.359
25-08-03,1536,91,0.843
25-08-03,1536,182,1.519
18-08-03,1535,91,1.036
18-08-03,1535,182,1.997
11-08-03,1534,91,1.364
11-08-03,1534,182,2.345
04-08-03,1533,91,1.48
04-08-03,1533,182,2.6
28-07-03,1532,91,1.522
28-07-03,1532,182,2.891
21-07-03,1604,91,1.542
21-07-03,1605,182,3.015
14-07-03,1602,91,1.547
14-07-03,1603,182,3.068
07-07-03,1600,91,1.537
07-07-03,1601,182,2.82
30-06-03,1598,91,1.763
30-06-03,1599,182,2.894
23-06-03,1596,91,2.027
23-06-03,1597,182,3.425
16-06-03,1594,91,2.524
16-06-03,1595,182,3.925
09-06-03,1592,91,3.854
09-06-03,1593,182,4.788
02-06-03,1590,91,4.823
02-06-03,1591,182,5.547
26-05-03,1588,91,5.399
26-05-03,1589,182,6.299
19-05-03,1586,91,5.782
19-05-03,1587,182,6.696
12-05-03,1584,91,6.008
12-05-03,1585,182,6.807
05-05-03,1582,91,6.184
05-05-03,1583,182,6.906
28-04-03,1580,91,6.336
28-04-03,1581,182,6.938
21-04-03,1578,91,6.324
21-04-03,1579,182,6.985
14-04-03,1576,91,6.264
14-04-03,1577,182,6.833
07-04-03,1574,91,6.091
07-04-03,1575,182,6.571
31-03-03,1572,91,5.796
31-03-03,1573,182,6.366
24-03-03,1570,91,5.816
24-03-03,1571,182,6.499
17-03-03,1568,91,6.115
17-03-03,1569,182,6.505
10-03-03,1566,91,6.481
10-03-03,1567,182,6.715
03-03-03,1564,91,6.989
03-03-03,1565,182,7.106
24-02-03,1562,91,7.402
24-02-03,1563,182,7.532
17-02-03,1560,91,7.623
17-02-03,1561,182,8.029
10-02-03,1558,91,7.921
10-02-03,1559,182,8.349
03-02-03,1556,91,8.149
03-02-03,1557,182,8.643
27-01-03,1554,91,8.291
27-01-03,1555,182,8.7
20-01-03,1552,91,8.352
20-01-03,1553,182,8.713
13-01-03,1550,91,8.415
13-01-03,1551,182,8.75
06-01-03,1548,91,8.478
06-01-03,1549,182,8.75
30-12-02,1546,91,8.419
30-12-02,1547,182,8.75
23-12-02,1544,91,8.373
23-12-02,1545,182,8.715
16-12-02,1542,91,8.393
16-12-02,1543,182,8.722
09-12-02,1540,91,8.365
09-12-02,1541,182,8.857
02-12-02,1538,91,8.338
02-12-02,1539,182,8.885
25-11-02,1536,91,8.283
25-11-02,1537,182,8.827
18-11-02,1534,91,8.245
18-11-02,1535,182,8.715
11-11-02,1532,91,8.303
11-11-02,1533,182,8.742
04-11-02,1530,91,8.363
04-11-02,1531,182,8.75
28-10-02,1528,91,8.409
28-10-02,1529,182,8.75
21-10-02,1526,91,8.281
21-10-02,1527,182,8.578
14-10-02,1524,91,8.036
14-10-02,1525,182,8.494
07-10-02,1522,91,7.535
07-10-02,1523,182,8.353
30-09-02,1520,91,7.265
30-09-02,1521,182,8.32
23-09-02,1518,91,7.241
23-09-02,1519,182,8.324
16-09-02,1516,91,7.575
16-09-02,1517,182,8.443
09-09-02,1514,91,7.848
09-09-02,1515,182,8.852
02-09-02,1512,91,8.075
02-09-02,1513,182,9.163
26-08-02,1510,91,8.293
26-08-02,1511,182,9.49
19-08-02,1508,91,8.322
19-08-02,1509,182,9.5
12-08-02,1506,91,8.315
12-08-02,1507,182,9.468
05-08-02,1504,91,8.428
05-08-02,1505,182,9.495
29-07-02,1502,91,8.611
29-07-02,1503,182,9.503
22-07-02,1500,91,8.74
22-07-02,1501,182,9.395
15-07-02,1498,91,8.779
15-07-02,1499,182,9.41
08-07-02,1496,91,8.732
08-07-02,1497,182,9.377
01-07-02,1494,91,8.306
01-07-02,1495,182,9.127
24-06-02,1492,91,7.498
24-06-02,1493,182,8.859
17-06-02,1490,91,7.006
17-06-02,1491,182,8.632
10-06-02,1488,91,7.132
10-06-02,1489,182,8.651
03-06-02,1486,91,7.716
03-06-02,1487,182,9.07
27-05-02,1484,91,8.329
27-05-02,1485,182,9.499
20-05-02,1482,91,8.868
20-05-02,1483,182,9.891
13-05-02,1480,91,9.315
13-05-02,1481,182,10.18
06-05-02,1478,91,9.647
06-05-02,1479,182,10.347
29-04-02,1476,91,9.818
29-04-02,1477,182,10.419
22-04-02,1474,91,9.982
22-04-02,1475,182,10.471
15-04-02,1472,91,10.078
15-04-02,1473,182,10.511
08-04-02,1470,91,10.097
08-04-02,1471,182,10.524
01-04-02,1468,91,10.075
01-04-02,1469,182,10.447
25-03-02,1466,91,10.045
25-03-02,1467,182,10.423
18-03-02,1464,91,10.051
18-03-02,1465,182,10.516
11-03-02,1462,91,10.147
11-03-02,1463,182,10.645
04-03-02,1460,91,10.333
04-03-02,1461,182,10.803
25-02-02,1458,91,10.469
25-02-02,1459,182,10.995
18-02-02,1457,91,10.565
18-02-02,1457,182,11.242
11-02-02,1456,91,10.67
04-02-02,1455,91,10.74
28-01-02,1454,91,10.805
21-01-02,1453,91,10.836
14-01-02,1452,91,10.881
07-01-02,1451,91,10.897
31-12-01,1450,91,10.854
24-12-01,1449,91,10.81
17-12-01,1448,91,10.982
10-12-01,1447,91,11.135
03-12-01,1446,91,11.281
26-11-01,1445,91,11.447
19-11-01,1444,91,11.516
12-11-01,1443,91,11.52
05-11-01,1442,91,11.507
29-10-01,1441,91,11.504
22-10-01,1440,91,11.446
15-10-01,1439,91,11.509
08-10-01,1438,91,11.703
01-10-01,1437,91,11.981
24-09-01,1436,91,12.141
17-09-01,1435,91,12.281
10-09-01,1434,91,12.49
03-09-01,1433,91,12.661
27-08-01,1432,91,12.777
20-08-01,1431,91,12.802
13-08-01,1430,91,12.839
06-08-01,1429,91,12.937
30-07-01,1428,91,12.944
23-07-01,1427,91,12.937
16-07-01,1426,91,12.898
09-07-01,1425,91,12.803
02-07-01,1424,91,12.784
25-06-01,1423,91,12.433
18-06-01,1422,91,12.293
11-06-01,1421,91,11.993
04-06-01,1420,91,11.559
28-05-01,1419,91,10.342
21-05-01,1418,91,10.059
14-05-01,1417,91,10.514
07-05-01,1416,91,11.152
30-04-01,1415,91,11.799
23-04-01,1414,91,12.397
16-04-01,1413,91,12.954
09-04-01,1412,91,13.426
02-04-01,1411,91,13.92
26-03-01,1410,91,14.418
19-03-01,1409,91,14.802
12-03-01,1408,91,15.288
05-03-01,1407,91,15.379
26-02-01,1406,91,15.401
19-02-01,1405,91,15.319
12-02-01,1404,91,15.261
05-02-01,1403,91,15.208
29-01-01,1402,91,15.122
22-01-01,1401,91,14.987
15-01-01,1400,91,14.872
08-01-01,1399,91,14.64
01-01-01,1398,91,14.157
